Address,Sale Price,Beds,Bath,Sq Ft,Lot Size,Year Built,Listing Price,Pool
"1319 Buchanan St, Hollywood, FL 33019",700000,3,2,1406,10174,1951,849000,0
"5680 NW 88th Ter, Coral Springs, FL 33067",770000,4,3,2706,2977,1987,799000,1
"2303 NW 115 Ave, Coral Springs, FL 33065",630000,4,3,2086,2295,1977,649899,1
"1201 E River Dr, Margate, FL 33063",372000,3,1,1065,7504,1959,399990,0
"1844 NW 81st Ave, Coral Springs, FL 33071",650000,4,2,1849,9766,1974,639900,1
"2041 SW 15th Pl, Deerfield Beach, FL 33442",366000,2,2,1203,1799,1979,368000,0
"2000 SW 15th Pl, Deerfield Beach, FL 33442",330000,2,2,1456,2000,1979,350000,0
"4021 NW 7th Ave, Pompano Beach, FL 33064",395000,4,2,1590,7500,1965,416000,0
"2724 NW 2nd St, Pompano Beach, FL 33069",325000,3,1,1150,5166,1964,330000,0
"2912 NE 27th St, Lighthouse Point, FL 33064",686000,2,2,1377,9971,1955,699000,1
"8512 NW 14th St, Plantation, FL 33322",415000,2,2,1594,2252,1973,439000,0
"411 SE 2nd Ave, Pompano Beach, FL 33060",788000,2,2,1770,7701,1959,899000,1
"3231 NW 18th Ct, Fort Lauderdale, FL 33311",325000,3,1,1008,6000,1963,330000,0
"1212 NE 13th Ave, Fort Lauderdale, FL 33304",550000,2,1,954,6747,1949,574900,0
"1711 Bayview Dr, Fort Lauderdale, FL 33305",2000000,3,3,2742,10280,1995,2150000,1
"2746 NE 18th St, Fort Lauderdale, FL 33305",5250000,5,6,4935,5428,2019,5695000,1
"6 Tahoe Ln, Sea Ranch Lakes, FL 33308",2125000,4,5,3456,3802,1968,2250000,0
"397 Mallard Ln, Weston, FL 33327",1365000,5,3,4814,5295,1997,1374250,1
"5173 Lakewood Dr, Cooper City, FL 33330",1200000,5,4,3043,10463,2002,1250000,1
"4761 SW 72nd Ave, Davie, FL 33314",770000,3,3,3160,3476,1974,799999,0
"31 Pelican Dr, Fort Lauderdale, FL 33301",9500000,7,8,6473,7120,2020,9995000,1
"2817 SW 8th St, Fort Lauderdale, FL 33312",434000,3,2,1280,7200,1956,439900,1
"13374 NW 13th St, Pembroke Pines, FL 33028",945000,5,4,3638,7890,1999,945000,0
"6521 Moseley St, Hollywood, FL 33024",430000,2,1,1090,6202,1959,429999,0
"1431 Wiley St, Hollywood, FL 33020",450000,2,2,1280,8192,1949,499000,0
"12817 SW 26th St, Miramar, FL 33027",680000,4,3,2497,5020,2000,690000,0
"8626 NW 50th Dr, Coral Springs, FL 33067",729000,4,2,2201,10624,1986,729000,1
"5494 Pine Cr, Coral Springs, FL 33067",560000,3,2,1683,4000,1989,574500,0
"5264 NW 89th Dr, Coral Springs, FL 33067",757500,4,2,2352,9374,1988,799900,1
"5310 NW 79th Way, Parkland, FL 33067",800000,3,2,1531,1684,1971,849999,1
"11051 NW 24th St, Coral Springs, FL 33065",770000,4,3,2949,3244,1975,820000,1
"2130 NW 69th Ter, Margate, FL 33063",469000,3,2,1592,7941,1980,495000,0
"11948 Glenmore Dr, Coral Springs, FL 33071",740000,4,3,3078,6276,1995,779000,0
"4061 NW 54th Ct, Coconut Creek, FL 33073",640000,3,2,1378,9444,1992,669000,1
"4200 NE 3rd Ave, Pompano Beach, FL 33064",479999,3,2,1397,7789,1960,399000,0
"1300 SE 1st Way, Deerfield Beach, FL 33441",595000,4,2,1589,8262,1960,599900,0
"7217 SW 3rd Ct, North Lauderdale, FL 33068",420000,3,2,1288,5996,1975,439000,1
"1400 NW 101st Ter, Plantation, FL 33322",805000,4,2,2456,2702,1987,824000,1
"381 SE 6th Ct, Pompano Beach, FL 33060",595000,3,2,1620,7976,1958,649000,1
"4581 NE 3rd Ter, Oakland Park, FL 33334",535000,3,2,1478,5802,1956,559999,1
"397 Mallard Ln, Weston, FL 33327",1549800,5,3,5451,5996,1995,1585200,1
"12817 SW 26th St, Miramar, FL 33027",771000,4,3,2648,5087,1998,636100,0
"31 Pelican Dr, Fort Lauderdale, FL 33301",8842000,7,7,6750,7425,2025,10000100,1
"12817 SW 26th St, Miramar, FL 33027",606100,4,3,2679,4781,2004,679900,0
"1319 Buchanan St, Hollywood, FL 33019",622100,3,2,1492,9817,1946,991600,1
"8512 NW 14th St, Plantation, FL 33322",347800,2,2,1506,2155,1978,440700,0
"12817 SW 26th St, Miramar, FL 33027",797800,4,3,2677,4230,2000,684600,0
"2000 SW 15th Pl, Deerfield Beach, FL 33442",302800,2,2,1437,1893,1977,397400,1
"5310 NW 79th Way, Parkland, FL 33067",958500,3,2,1383,1521,1973,799900,0
"1844 NW 81st Ave, Coral Springs, FL 33071",678300,4,2,1921,11493,1977,702700,0
"1844 NW 81st Ave, Coral Springs, FL 33071",513400,4,2,1800,9967,1979,629800,1
"4021 NW 7th Ave, Pompano Beach, FL 33064",388400,4,2,1706,7405,1960,322400,1
"6 Tahoe Ln, Sea Ranch Lakes, FL 33308",2300400,4,4,3560,3916,1967,2194600,0
"2724 NW 2nd St, Pompano Beach, FL 33069",322100,3,1,1154,5691,1961,302400,0
"2746 NE 18th St, Fort Lauderdale, FL 33305",4972100,5,5,4995,5494,2024,4674300,0
"4581 NE 3rd Ter, Oakland Park, FL 33334",526400,3,2,1618,4806,1954,619600,1
"2817 SW 8th St, Fort Lauderdale, FL 33312",419400,3,2,1437,7891,1957,403000,0
"397 Mallard Ln, Weston, FL 33327",1265900,5,3,4879,5367,1992,1320000,0
"2130 NW 69th Ter, Margate, FL 33063",468400,3,2,1657,8467,1983,379700,1
"5494 Pine Cr, Coral Springs, FL 33067",612800,3,2,1468,3372,1991,643600,1
"1711 Bayview Dr, Fort Lauderdale, FL 33305",1341900,3,3,2194,9242,1998,2095700,0
"13374 NW 13th St, Pembroke Pines, FL 33028",1182600,5,4,3445,8656,1994,937800,1
"1400 NW 101st Ter, Plantation, FL 33322",872600,4,2,2394,2633,1987,748100,0
"31 Pelican Dr, Fort Lauderdale, FL 33301",10981200,7,7,6330,6963,2025,10757500,0
"2912 NE 27th St, Lighthouse Point, FL 33064",563100,2,2,1349,11429,1952,770700,0
"2000 SW 15th Pl, Deerfield Beach, FL 33442",331200,2,2,1375,1845,1983,340300,0
"6 Tahoe Ln, Sea Ranch Lakes, FL 33308",2184200,4,4,3679,4047,1970,2022000,0
"381 SE 6th Ct, Pompano Beach, FL 33060",643900,3,2,1638,7326,1963,572100,0
"3231 NW 18th Ct, Fort Lauderdale, FL 33311",357000,3,1,992,6651,1968,378200,1
"1319 Buchanan St, Hollywood, FL 33019",756800,3,2,1405,7209,1955,766800,1
"5310 NW 79th Way, Parkland, FL 33067",760600,3,2,1499,1649,1974,973300,0
"2746 NE 18th St, Fort Lauderdale, FL 33305",4217400,5,5,5423,5965,2014,6129500,0
"8512 NW 14th St, Plantation, FL 33322",348100,2,2,1270,2236,1973,396800,1
"2303 NW 115 Ave, Coral Springs, FL 33065",686200,4,3,2113,2324,1982,662800,1
"8512 NW 14th St, Plantation, FL 33322",435400,2,2,1593,1973,1970,461300,1
"5173 Lakewood Dr, Cooper City, FL 33330",1134200,5,4,2555,10507,2005,1375000,1
"1844 NW 81st Ave, Coral Springs, FL 33071",631900,4,2,1465,9889,1977,642700,0
"4581 NE 3rd Ter, Oakland Park, FL 33334",405100,3,2,1411,5024,1953,518000,1
"6 Tahoe Ln, Sea Ranch Lakes, FL 33308",1979600,4,4,3343,3677,1972,1944800,0
"8626 NW 50th Dr, Coral Springs, FL 33067",679600,4,2,2134,10189,1989,741600,0
"5680 NW 88th Ter, Coral Springs, FL 33067",909800,4,3,2499,2749,1984,589300,1
"2303 NW 115 Ave, Coral Springs, FL 33065",702400,4,3,2187,2406,1981,616100,0
"3231 NW 18th Ct, Fort Lauderdale, FL 33311",291800,3,1,1027,5912,1962,348500,0
"4021 NW 7th Ave, Pompano Beach, FL 33064",282700,4,2,1500,8822,1969,436000,0
"2746 NE 18th St, Fort Lauderdale, FL 33305",6615000,5,5,4850,5335,2022,5986000,0
"11948 Glenmore Dr, Coral Springs, FL 33071",615000,4,3,3256,6577,1992,873500,1
"6521 Moseley St, Hollywood, FL 33024",408400,2,1,1162,5231,1954,493100,1
"1201 E River Dr, Margate, FL 33063",396200,3,1,1065,8350,1956,452200,1
"31 Pelican Dr, Fort Lauderdale, FL 33301",9004600,7,7,6396,7036,2015,11237700,0
"397 Mallard Ln, Weston, FL 33327",1358900,5,3,4826,5309,1999,1326400,0
"1844 NW 81st Ave, Coral Springs, FL 33071",703800,4,2,2040,10483,1972,625300,1
"11051 NW 24th St, Coral Springs, FL 33065",585400,4,3,2745,3020,1979,866700,0
"31 Pelican Dr, Fort Lauderdale, FL 33301",12300000,7,7,6341,6975,2021,9943000,0
"1400 NW 101st Ter, Plantation, FL 33322",836000,4,2,2252,2477,1986,865600,1
"11948 Glenmore Dr, Coral Springs, FL 33071",870800,4,3,2939,7066,1999,896400,1
"1400 NW 101st Ter, Plantation, FL 33322",721800,4,2,2583,2841,1992,712100,1
"5680 NW 88th Ter, Coral Springs, FL 33067",720000,4,3,2999,3299,1986,746300,0
"6521 Moseley St, Hollywood, FL 33024",353200,2,1,1133,4912,1963,430300,1
"7217 SW 3rd Ct, North Lauderdale, FL 33068",315600,3,2,1349,6234,1977,457500,1
"2041 SW 15th Pl, Deerfield Beach, FL 33442",358300,2,2,1153,2370,1978,344400,1
"13374 NW 13th St, Pembroke Pines, FL 33028",1166900,5,4,3544,8581,2001,894100,0
"4021 NW 7th Ave, Pompano Beach, FL 33064",423100,4,2,1514,6846,1961,428200,0
"6 Tahoe Ln, Sea Ranch Lakes, FL 33308",2411100,4,4,3966,4363,1964,2583900,0
"4021 NW 7th Ave, Pompano Beach, FL 33064",360400,4,2,1473,8814,1964,414500,0
"2130 NW 69th Ter, Margate, FL 33063",455000,3,2,1579,10330,1978,444800,1
"2000 SW 15th Pl, Deerfield Beach, FL 33442",355100,2,2,1480,1835,1975,347000,0
"8512 NW 14th St, Plantation, FL 33322",460500,2,2,1624,2192,1974,477700,0
"4581 NE 3rd Ter, Oakland Park, FL 33334",482300,3,2,1408,6714,1951,567800,0
"8512 NW 14th St, Plantation, FL 33322",434300,2,2,1636,2275,1973,436500,1
"1844 NW 81st Ave, Coral Springs, FL 33071",636100,4,2,1848,7623,1974,755500,1
"7217 SW 3rd Ct, North Lauderdale, FL 33068",428600,3,2,1425,5811,1980,404900,1
"1844 NW 81st Ave, Coral Springs, FL 33071",614800,4,2,1762,8528,1977,703700,1
"4021 NW 7th Ave, Pompano Beach, FL 33064",430000,4,2,1485,6372,1961,407000,1
"3231 NW 18th Ct, Fort Lauderdale, FL 33311",276400,3,1,1049,6806,1961,312200,0
"13374 NW 13th St, Pembroke Pines, FL 33028",855900,5,4,3814,9272,1995,837400,1
"7217 SW 3rd Ct, North Lauderdale, FL 33068",476300,3,2,1238,4546,1974,390500,1
"7217 SW 3rd Ct, North Lauderdale, FL 33068",354600,3,2,1319,6868,1978,418400,1
"31 Pelican Dr, Fort Lauderdale, FL 33301",8111400,7,7,5885,6474,2022,10256100,0
"2303 NW 115 Ave, Coral Springs, FL 33065",586200,4,3,1866,2053,1975,653600,1
"381 SE 6th Ct, Pompano Beach, FL 33060",510100,3,2,1657,8593,1958,566100,0
"1212 NE 13th Ave, Fort Lauderdale, FL 33304",510000,2,1,940,7745,1944,613000,1
"2817 SW 8th St, Fort Lauderdale, FL 33312",408300,3,2,1154,7145,1952,470400,0
"411 SE 2nd Ave, Pompano Beach, FL 33060",715200,2,2,1909,6982,1961,847200,0
"6 Tahoe Ln, Sea Ranch Lakes, FL 33308",1841700,4,4,3593,3952,1973,2012900,1
"12817 SW 26th St, Miramar, FL 33027",660000,4,3,2388,3029,2001,662900,1
"2303 NW 115 Ave, Coral Springs, FL 33065",650100,4,3,1991,2190,1977,572900,1
"12817 SW 26th St, Miramar, FL 33027",679100,4,3,2297,5285,1995,712900,0
"381 SE 6th Ct, Pompano Beach, FL 33060",680500,3,2,1788,8241,1955,683200,0
"2000 SW 15th Pl, Deerfield Beach, FL 33442",367900,2,2,1539,1816,1982,336400,1
"381 SE 6th Ct, Pompano Beach, FL 33060",568500,3,2,1697,7967,1962,633600,1
"2303 NW 115 Ave, Coral Springs, FL 33065",569200,4,3,2071,2278,1981,668400,0
"1844 NW 81st Ave, Coral Springs, FL 33071",617700,4,2,1887,10801,1969,574600,1
"6521 Moseley St, Hollywood, FL 33024",433300,2,1,1016,5928,1964,391800,0
"2746 NE 18th St, Fort Lauderdale, FL 33305",5198900,5,5,4767,5244,2020,5544400,0
"5310 NW 79th Way, Parkland, FL 33067",854200,3,2,1506,1657,1968,803000,1
"1400 NW 101st Ter, Plantation, FL 33322",755500,4,2,2542,2796,1983,706500,0
"5494 Pine Cr, Coral Springs, FL 33067",574200,3,2,1798,4615,1988,664800,1
"2041 SW 15th Pl, Deerfield Beach, FL 33442",328100,2,2,1002,1758,1980,358700,1
"13374 NW 13th St, Pembroke Pines, FL 33028",811900,5,4,3602,7370,1996,1082400,0
"4581 NE 3rd Ter, Oakland Park, FL 33334",646000,3,2,1343,5951,1955,629300,1
"1201 E River Dr, Margate, FL 33063",456900,3,1,1096,8303,1964,414700,1
"1844 NW 81st Ave, Coral Springs, FL 33071",631500,4,2,1912,9864,1977,626500,0
"1844 NW 81st Ave, Coral Springs, FL 33071",711600,4,2,1983,8659,1971,683900,0
"8626 NW 50th Dr, Coral Springs, FL 33067",738700,4,2,1859,11776,1989,819700,1
"1212 NE 13th Ave, Fort Lauderdale, FL 33304",524300,2,1,858,7514,1952,535200,0
"31 Pelican Dr, Fort Lauderdale, FL 33301",10674200,7,7,6117,6729,2021,10795400,0
"4761 SW 72nd Ave, Davie, FL 33314",885100,3,3,3270,3597,1975,943000,1
"5264 NW 89th Dr, Coral Springs, FL 33067",936900,4,2,2206,11130,1991,845700,1
"6521 Moseley St, Hollywood, FL 33024",409300,2,1,1105,5863,1955,416300,0
"2041 SW 15th Pl, Deerfield Beach, FL 33442",369300,2,2,1186,1699,1979,341500,1
"2746 NE 18th St, Fort Lauderdale, FL 33305",6116400,5,5,5779,6357,2017,5581500,0
"2724 NW 2nd St, Pompano Beach, FL 33069",266800,3,1,1164,5101,1960,339900,0
"4581 NE 3rd Ter, Oakland Park, FL 33334",591300,3,2,1469,4515,1958,542800,1
"1201 E River Dr, Margate, FL 33063",276300,3,1,1077,7622,1964,386800,1
"31 Pelican Dr, Fort Lauderdale, FL 33301",8820500,7,7,6636,7300,2021,8596800,1
"3231 NW 18th Ct, Fort Lauderdale, FL 33311",384200,3,1,1053,5118,1964,338600,0
"1319 Buchanan St, Hollywood, FL 33019",789300,3,2,1344,11871,1955,802100,0
"397 Mallard Ln, Weston, FL 33327",1569000,5,3,5109,5620,1994,1434400,0
"2724 NW 2nd St, Pompano Beach, FL 33069",301700,3,1,1123,6271,1964,354100,0
"5173 Lakewood Dr, Cooper City, FL 33330",1076100,5,4,2939,12865,2006,1253400,1
"2746 NE 18th St, Fort Lauderdale, FL 33305",5679600,5,5,5167,5684,2015,6739900,0
"5680 NW 88th Ter, Coral Springs, FL 33067",800900,4,3,2731,3004,1985,792600,0
"397 Mallard Ln, Weston, FL 33327",995800,5,3,4667,5134,1999,1367200,1
"1711 Bayview Dr, Fort Lauderdale, FL 33305",1985100,3,3,2778,10188,1996,2191700,1
"6521 Moseley St, Hollywood, FL 33024",489000,2,1,1263,5708,1961,433900,1
"2130 NW 69th Ter, Margate, FL 33063",540100,3,2,1581,8500,1982,531100,1
"2746 NE 18th St, Fort Lauderdale, FL 33305",4458300,5,5,5714,6285,2021,5859400,1
"1844 NW 81st Ave, Coral Springs, FL 33071",763600,4,2,1719,10507,1969,710800,1
"31 Pelican Dr, Fort Lauderdale, FL 33301",10190200,7,7,6413,7054,2023,11127300,0
"31 Pelican Dr, Fort Lauderdale, FL 33301",10160000,7,7,5773,6350,2019,9773200,0
"1212 NE 13th Ave, Fort Lauderdale, FL 33304",620200,2,1,926,7120,1944,601900,0
"1711 Bayview Dr, Fort Lauderdale, FL 33305",1938000,3,3,2557,9330,1997,1885900,1
"11051 NW 24th St, Coral Springs, FL 33065",942700,4,3,2551,2806,1978,823700,1
"13374 NW 13th St, Pembroke Pines, FL 33028",880200,5,4,4011,9102,1996,921200,0
"2303 NW 115 Ave, Coral Springs, FL 33065",637700,4,3,2088,2297,1977,660100,0
"8626 NW 50th Dr, Coral Springs, FL 33067",789900,4,2,2006,7604,1986,660900,1
"8512 NW 14th St, Plantation, FL 33322",469800,2,2,1696,2424,1970,386700,0
"411 SE 2nd Ave, Pompano Beach, FL 33060",691500,2,2,1638,8984,1957,834800,1
"2746 NE 18th St, Fort Lauderdale, FL 33305",5172700,5,5,4979,5477,2022,6473200,0
"31 Pelican Dr, Fort Lauderdale, FL 33301",9961500,7,7,6245,6870,2018,9780600,0
"5680 NW 88th Ter, Coral Springs, FL 33067",665000,4,3,2567,2824,1986,861800,1
"2746 NE 18th St, Fort Lauderdale, FL 33305",5111500,5,5,5067,5574,2019,5850300,0
"3231 NW 18th Ct, Fort Lauderdale, FL 33311",363200,3,1,1065,7021,1966,317700,0
"381 SE 6th Ct, Pompano Beach, FL 33060",624100,3,2,1755,6936,1959,670200,1
"5173 Lakewood Dr, Cooper City, FL 33330",1129600,5,4,2747,10468,2007,1265300,1
"1431 Wiley St, Hollywood, FL 33020",449300,2,2,1142,6804,1950,476400,1
"1711 Bayview Dr, Fort Lauderdale, FL 33305",2436200,3,3,2547,13230,1998,2249100,0
"13374 NW 13th St, Pembroke Pines, FL 33028",1012600,5,4,3370,7939,2003,1061900,0
"8512 NW 14th St, Plantation, FL 33322",442700,2,2,1548,2410,1974,441300,0
"411 SE 2nd Ave, Pompano Beach, FL 33060",928000,2,2,1916,7778,1956,956600,0
"1711 Bayview Dr, Fort Lauderdale, FL 33305",2130500,3,3,2869,10324,1995,2476000,1
"12817 SW 26th St, Miramar, FL 33027",604000,4,3,2375,5688,2002,758200,0
"2817 SW 8th St, Fort Lauderdale, FL 33312",369800,3,2,1118,7507,1957,390200,1
"4761 SW 72nd Ave, Davie, FL 33314",913800,3,3,3323,3655,1969,844800,1
"4021 NW 7th Ave, Pompano Beach, FL 33064",368300,4,2,1794,8117,1961,418900,1
"6 Tahoe Ln, Sea Ranch Lakes, FL 33308",2195200,4,4,3931,4324,1967,2412800,0
"5310 NW 79th Way, Parkland, FL 33067",823100,3,2,1459,1605,1976,768900,0
"411 SE 2nd Ave, Pompano Beach, FL 33060",799900,2,2,1687,6597,1958,982000,1
"6521 Moseley St, Hollywood, FL 33024",359900,2,1,1032,6867,1959,426800,0
"4761 SW 72nd Ave, Davie, FL 33314",837200,3,3,3013,3314,1969,835100,1
"4061 NW 54th Ct, Coconut Creek, FL 33073",720000,3,2,1526,8356,1996,768800,1
"8512 NW 14th St, Plantation, FL 33322",432500,2,2,1656,2073,1970,425800,1
"1212 NE 13th Ave, Fort Lauderdale, FL 33304",568000,2,1,986,6547,1945,492800,1
"2817 SW 8th St, Fort Lauderdale, FL 33312",388700,3,2,1198,7427,1954,432600,1
"2041 SW 15th Pl, Deerfield Beach, FL 33442",398900,2,2,1241,1727,1983,341400,0
"6521 Moseley St, Hollywood, FL 33024",430700,2,1,1021,6415,1957,410800,1
"6 Tahoe Ln, Sea Ranch Lakes, FL 33308",1740800,4,4,3697,4067,1967,2176400,0
"2303 NW 115 Ave, Coral Springs, FL 33065",703600,4,3,1911,2102,1975,709700,0
"4061 NW 54th Ct, Coconut Creek, FL 33073",605000,3,2,1340,8880,1992,603500,1
"411 SE 2nd Ave, Pompano Beach, FL 33060",888700,2,2,1855,8349,1963,971500,0
"7217 SW 3rd Ct, North Lauderdale, FL 33068",501600,3,2,1283,5492,1970,379200,0
"381 SE 6th Ct, Pompano Beach, FL 33060",617300,3,2,1545,8835,1959,604200,0
"5264 NW 89th Dr, Coral Springs, FL 33067",783100,4,2,2382,11251,1989,828600,1
"11948 Glenmore Dr, Coral Springs, FL 33071",733000,4,3,2826,6486,1995,797500,0
"5264 NW 89th Dr, Coral Springs, FL 33067",725600,4,2,2400,9039,1986,801600,0
"4581 NE 3rd Ter, Oakland Park, FL 33334",480100,3,2,1341,5351,1960,511800,1
"6521 Moseley St, Hollywood, FL 33024",441900,2,1,1040,6916,1959,433300,0
"8626 NW 50th Dr, Coral Springs, FL 33067",772500,4,2,2015,12091,1988,781600,1
"11948 Glenmore Dr, Coral Springs, FL 33071",762300,4,3,2835,4904,1993,799400,0
"12817 SW 26th St, Miramar, FL 33027",751300,4,3,2520,5225,1996,696500,1
"1400 NW 101st Ter, Plantation, FL 33322",837800,4,2,2431,2674,1982,814000,0
"2041 SW 15th Pl, Deerfield Beach, FL 33442",345400,2,2,1136,1562,1979,337600,1
"5494 Pine Cr, Coral Springs, FL 33067",479800,3,2,1554,4121,1985,598700,0
"1711 Bayview Dr, Fort Lauderdale, FL 33305",2033500,3,3,2644,11413,1996,2142900,1
"2817 SW 8th St, Fort Lauderdale, FL 33312",456900,3,2,1408,7013,1960,431400,0
"1431 Wiley St, Hollywood, FL 33020",376800,2,2,1285,9052,1954,434400,0
"4021 NW 7th Ave, Pompano Beach, FL 33064",478800,4,2,1581,6707,1969,376000,1
"12817 SW 26th St, Miramar, FL 33027",770400,4,3,2629,5531,2000,765000,0
"5494 Pine Cr, Coral Springs, FL 33067",552200,3,2,1604,3539,1994,524100,1
"5680 NW 88th Ter, Coral Springs, FL 33067",674200,4,3,2546,2801,1988,878500,1
"2041 SW 15th Pl, Deerfield Beach, FL 33442",331000,2,2,1218,1864,1975,325200,0
"2303 NW 115 Ave, Coral Springs, FL 33065",638200,4,3,2231,2454,1978,646900,0
"6 Tahoe Ln, Sea Ranch Lakes, FL 33308",2304400,4,4,3495,3845,1964,2238200,0
"1201 E River Dr, Margate, FL 33063",312300,3,1,1063,8898,1955,420500,0
"12817 SW 26th St, Miramar, FL 33027",694900,4,3,2632,4663,1999,694400,0
"4061 NW 54th Ct, Coconut Creek, FL 33073",735800,3,2,1471,9015,1995,587900,0
"5494 Pine Cr, Coral Springs, FL 33067",550300,3,2,1459,3906,1987,571900,0
"1319 Buchanan St, Hollywood, FL 33019",706700,3,2,1172,9596,1953,827400,1
"2130 NW 69th Ter, Margate, FL 33063",416700,3,2,1710,7845,1980,520000,1
"2746 NE 18th St, Fort Lauderdale, FL 33305",5845000,5,5,4537,4991,2018,5632000,1
"6 Tahoe Ln, Sea Ranch Lakes, FL 33308",2022300,4,4,3283,3611,1964,1974400,0
"1300 SE 1st Way, Deerfield Beach, FL 33441",579900,4,2,1561,8352,1957,606600,0
"1711 Bayview Dr, Fort Lauderdale, FL 33305",1771500,3,3,3077,9974,2000,2313700,1
"5264 NW 89th Dr, Coral Springs, FL 33067",747400,4,2,1934,9897,1991,849900,0
"13374 NW 13th St, Pembroke Pines, FL 33028",895600,5,4,3638,7827,2002,993100,1
"4021 NW 7th Ave, Pompano Beach, FL 33064",382400,4,2,1728,7345,1961,433600,1
"2303 NW 115 Ave, Coral Springs, FL 33065",736400,4,3,2003,2203,1979,627900,0
"4021 NW 7th Ave, Pompano Beach, FL 33064",400900,4,2,1592,7743,1961,419700,1
"4021 NW 7th Ave, Pompano Beach, FL 33064",293000,4,2,1615,8189,1968,425500,0
"31 Pelican Dr, Fort Lauderdale, FL 33301",10325900,7,7,6833,7516,2024,10193900,1
"5494 Pine Cr, Coral Springs, FL 33067",488100,3,2,1701,3885,1989,652200,1
"5680 NW 88th Ter, Coral Springs, FL 33067",708800,4,3,2571,2828,1986,734000,0
"6521 Moseley St, Hollywood, FL 33024",485900,2,1,1140,5391,1961,516100,0
"2130 NW 69th Ter, Margate, FL 33063",421600,3,2,1533,8501,1976,493300,1
"4200 NE 3rd Ave, Pompano Beach, FL 33064",450400,3,2,1431,8157,1957,414900,1
"31 Pelican Dr, Fort Lauderdale, FL 33301",10016400,7,7,6703,7373,2015,11190700,1
"1319 Buchanan St, Hollywood, FL 33019",669400,3,2,1347,10566,1955,767200,0
"4061 NW 54th Ct, Coconut Creek, FL 33073",677700,3,2,1227,10721,1991,651100,0
"4761 SW 72nd Ave, Davie, FL 33314",704000,3,3,3507,3858,1977,817700,0
"5680 NW 88th Ter, Coral Springs, FL 33067",763100,4,3,3059,3365,1982,700200,0
"397 Mallard Ln, Weston, FL 33327",1413800,5,3,5183,5701,2000,1333100,1
"11051 NW 24th St, Coral Springs, FL 33065",928900,4,3,3133,3446,1980,752500,1
"4021 NW 7th Ave, Pompano Beach, FL 33064",408700,4,2,1414,7322,1969,398500,0
"1844 NW 81st Ave, Coral Springs, FL 33071",735300,4,2,1982,8083,1976,696300,1
"3231 NW 18th Ct, Fort Lauderdale, FL 33311",350200,3,1,1099,5897,1959,370900,0
"5173 Lakewood Dr, Cooper City, FL 33330",1459200,5,4,3164,9531,1999,1313300,0
"4200 NE 3rd Ave, Pompano Beach, FL 33064",483400,3,2,1255,8335,1964,369100,0
"1844 NW 81st Ave, Coral Springs, FL 33071",501500,4,2,1721,11668,1976,630200,0
"2912 NE 27th St, Lighthouse Point, FL 33064",576300,2,2,1433,10699,1952,691800,0
"411 SE 2nd Ave, Pompano Beach, FL 33060",900200,2,2,1729,6826,1957,1085000,1
"2912 NE 27th St, Lighthouse Point, FL 33064",605900,2,2,1239,12056,1952,749800,1
"3231 NW 18th Ct, Fort Lauderdale, FL 33311",277900,3,1,1112,6006,1966,294900,0
"11948 Glenmore Dr, Coral Springs, FL 33071",669000,4,3,2876,6908,1990,847000,1
"397 Mallard Ln, Weston, FL 33327",1058600,5,3,5182,5700,1997,1203200,1
"4581 NE 3rd Ter, Oakland Park, FL 33334",533700,3,2,1479,6301,1956,534600,1
"4581 NE 3rd Ter, Oakland Park, FL 33334",433000,3,2,1275,5400,1957,561000,1
"1431 Wiley St, Hollywood, FL 33020",483200,2,2,1355,6246,1948,484900,1
"2724 NW 2nd St, Pompano Beach, FL 33069",350300,3,1,1115,5307,1967,335400,1
"3231 NW 18th Ct, Fort Lauderdale, FL 33311",349700,3,1,1065,4726,1966,366800,0
"2000 SW 15th Pl, Deerfield Beach, FL 33442",308600,2,2,1351,1859,1982,343400,1
"2817 SW 8th St, Fort Lauderdale, FL 33312",422600,3,2,1302,7170,1953,495100,0
"4021 NW 7th Ave, Pompano Beach, FL 33064",244800,4,2,1379,8179,1968,431500,0
"31 Pelican Dr, Fort Lauderdale, FL 33301",10994100,7,7,6057,6663,2017,10260900,0
"1844 NW 81st Ave, Coral Springs, FL 33071",632400,4,2,2018,7809,1977,619200,0
"2746 NE 18th St, Fort Lauderdale, FL 33305",5185000,5,5,4628,5091,2019,5349600,1
"381 SE 6th Ct, Pompano Beach, FL 33060",624600,3,2,1607,9264,1956,659800,1
"12817 SW 26th St, Miramar, FL 33027",697700,4,3,2732,5080,1996,728800,1
"5264 NW 89th Dr, Coral Springs, FL 33067",726200,4,2,2496,11045,1990,660900,0
"1300 SE 1st Way, Deerfield Beach, FL 33441",698800,4,2,1396,9412,1963,640200,1
"397 Mallard Ln, Weston, FL 33327",1369800,5,3,4154,4569,1996,1412600,1
"6521 Moseley St, Hollywood, FL 33024",462800,2,1,1014,6763,1956,333500,1
"5680 NW 88th Ter, Coral Springs, FL 33067",747800,4,3,2342,2576,1992,829600,0
"1431 Wiley St, Hollywood, FL 33020",517100,2,2,1341,9715,1948,463200,0
"11051 NW 24th St, Coral Springs, FL 33065",771500,4,3,2964,3260,1978,890100,0
"4061 NW 54th Ct, Coconut Creek, FL 33073",484000,3,2,1445,11034,1989,696500,1
"7217 SW 3rd Ct, North Lauderdale, FL 33068",418100,3,2,1583,6596,1980,434300,0
"11051 NW 24th St, Coral Springs, FL 33065",876400,4,3,2810,3091,1977,702900,0
"2303 NW 115 Ave, Coral Springs, FL 33065",648400,4,3,1761,1937,1981,579000,0
"2746 NE 18th St, Fort Lauderdale, FL 33305",5239100,5,5,4396,4836,2014,5834900,1
"1400 NW 101st Ter, Plantation, FL 33322",797200,4,2,2448,2693,1987,755300,1
"2000 SW 15th Pl, Deerfield Beach, FL 33442",369200,2,2,1540,2096,1979,331200,0
"1300 SE 1st Way, Deerfield Beach, FL 33441",577000,4,2,1756,8672,1957,630700,1
"7217 SW 3rd Ct, North Lauderdale, FL 33068",489500,3,2,1294,5605,1975,465300,0
"3231 NW 18th Ct, Fort Lauderdale, FL 33311",310300,3,1,860,6100,1965,333000,1
"7217 SW 3rd Ct, North Lauderdale, FL 33068",424400,3,2,1340,6507,1976,482900,1
"2130 NW 69th Ter, Margate, FL 33063",521200,3,2,1473,7519,1979,467100,0
"2724 NW 2nd St, Pompano Beach, FL 33069",334500,3,1,1166,4020,1967,314300,1
"7217 SW 3rd Ct, North Lauderdale, FL 33068",325600,3,2,1299,4626,1976,445800,1
"381 SE 6th Ct, Pompano Beach, FL 33060",525700,3,2,1479,6727,1962,610600,0
"8626 NW 50th Dr, Coral Springs, FL 33067",682300,4,2,2076,10631,1988,711200,0
"13374 NW 13th St, Pembroke Pines, FL 33028",873000,5,4,3601,7174,1999,896200,1
"7217 SW 3rd Ct, North Lauderdale, FL 33068",525500,3,2,1251,6008,1974,441800,1
"1201 E River Dr, Margate, FL 33063",358100,3,1,1039,7094,1959,396200,1
"2912 NE 27th St, Lighthouse Point, FL 33064",720600,2,2,1431,10353,1954,724100,0
"1844 NW 81st Ave, Coral Springs, FL 33071",560900,4,2,1831,8594,1977,615200,0
"4021 NW 7th Ave, Pompano Beach, FL 33064",332800,4,2,1515,8377,1968,372100,1
"1212 NE 13th Ave, Fort Lauderdale, FL 33304",585700,2,1,1001,6756,1952,651900,1
"1300 SE 1st Way, Deerfield Beach, FL 33441",577200,4,2,1574,9463,1959,626700,0
"4761 SW 72nd Ave, Davie, FL 33314",860600,3,3,3400,3740,1978,910700,1
"4200 NE 3rd Ave, Pompano Beach, FL 33064",426100,3,2,1472,8216,1959,413700,1
"2724 NW 2nd St, Pompano Beach, FL 33069",327300,3,1,1240,5796,1961,297200,1
"1201 E River Dr, Margate, FL 33063",480400,3,1,1143,7926,1957,412400,0
"4761 SW 72nd Ave, Davie, FL 33314",763900,3,3,3203,3523,1974,925600,0
"8512 NW 14th St, Plantation, FL 33322",388600,2,2,1561,2115,1978,433600,0
"2041 SW 15th Pl, Deerfield Beach, FL 33442",378400,2,2,1343,1808,1979,360100,0
"4761 SW 72nd Ave, Davie, FL 33314",813400,3,3,3328,3661,1971,745700,0
"4200 NE 3rd Ave, Pompano Beach, FL 33064",516700,3,2,1490,7326,1960,481000,1
"11948 Glenmore Dr, Coral Springs, FL 33071",734000,4,3,3240,6853,2000,897600,1
"13374 NW 13th St, Pembroke Pines, FL 33028",776500,5,4,3466,7387,1995,872700,0
"2912 NE 27th St, Lighthouse Point, FL 33064",564500,2,2,1494,8586,1960,670000,1
"1844 NW 81st Ave, Coral Springs, FL 33071",791800,4,2,1861,10882,1971,622400,0
"4761 SW 72nd Ave, Davie, FL 33314",735800,3,3,3313,3644,1977,801000,0
"2130 NW 69th Ter, Margate, FL 33063",602000,3,2,1481,6923,1983,594000,0
"381 SE 6th Ct, Pompano Beach, FL 33060",632600,3,2,1609,8126,1957,601300,1
"2303 NW 115 Ave, Coral Springs, FL 33065",672500,4,3,2282,2510,1975,605200,0
"1319 Buchanan St, Hollywood, FL 33019",649900,3,2,1402,9043,1954,684800,0
"5310 NW 79th Way, Parkland, FL 33067",842300,3,2,1712,1883,1971,871900,1
"2817 SW 8th St, Fort Lauderdale, FL 33312",457100,3,2,1352,7384,1958,363300,0
"2000 SW 15th Pl, Deerfield Beach, FL 33442",353500,2,2,1455,1998,1981,387400,1
"12817 SW 26th St, Miramar, FL 33027",764400,4,3,2409,5155,1999,630400,0
"2041 SW 15th Pl, Deerfield Beach, FL 33442",404800,2,2,1275,1685,1981,371500,0
"2746 NE 18th St, Fort Lauderdale, FL 33305",5603900,5,5,5020,5522,2014,5396900,1
"2303 NW 115 Ave, Coral Springs, FL 33065",638600,4,3,2042,2246,1980,653700,0
"397 Mallard Ln, Weston, FL 33327",1479700,5,3,4827,5310,1998,1378600,1
"2724 NW 2nd St, Pompano Beach, FL 33069",341500,3,1,1100,5175,1964,305300,0
"1319 Buchanan St, Hollywood, FL 33019",757800,3,2,1342,10619,1956,940000,0
"4061 NW 54th Ct, Coconut Creek, FL 33073",603800,3,2,1303,6996,1996,756000,1
"2912 NE 27th St, Lighthouse Point, FL 33064",694600,2,2,1322,11087,1959,678600,1
"31 Pelican Dr, Fort Lauderdale, FL 33301",8249000,7,7,6133,6746,2018,9710700,1
"1300 SE 1st Way, Deerfield Beach, FL 33441",602600,4,2,1483,7320,1956,500900,1
"5680 NW 88th Ter, Coral Springs, FL 33067",747500,4,3,2734,3007,1989,728500,0
"381 SE 6th Ct, Pompano Beach, FL 33060",653900,3,2,1704,6014,1961,781300,0
"4200 NE 3rd Ave, Pompano Beach, FL 33064",503900,3,2,1249,6911,1965,412000,1
"1400 NW 101st Ter, Plantation, FL 33322",693200,4,2,2549,2804,1985,779300,1
"5173 Lakewood Dr, Cooper City, FL 33330",1128400,5,4,3340,10834,2000,1282000,1
"5173 Lakewood Dr, Cooper City, FL 33330",1349200,5,4,2866,9085,2000,1256600,1
"2912 NE 27th St, Lighthouse Point, FL 33064",726500,2,2,1414,7204,1956,720600,0
"4761 SW 72nd Ave, Davie, FL 33314",796400,3,3,3289,3618,1978,901600,1
"31 Pelican Dr, Fort Lauderdale, FL 33301",9897400,7,7,6481,7129,2024,9799900,1
"4200 NE 3rd Ave, Pompano Beach, FL 33064",393500,3,2,1360,6696,1959,360400,1
"1711 Bayview Dr, Fort Lauderdale, FL 33305",2117000,3,3,2598,11952,1997,2384600,0
"397 Mallard Ln, Weston, FL 33327",1384700,5,3,4886,5375,2000,1226200,0
"2912 NE 27th St, Lighthouse Point, FL 33064",668100,2,2,1334,8473,1955,789000,0
"411 SE 2nd Ave, Pompano Beach, FL 33060",756300,2,2,1889,7985,1959,961800,0
"5310 NW 79th Way, Parkland, FL 33067",842500,3,2,1491,1640,1976,845700,1
"3231 NW 18th Ct, Fort Lauderdale, FL 33311",352200,3,1,938,6597,1966,345400,0
"381 SE 6th Ct, Pompano Beach, FL 33060",538800,3,2,1632,8631,1956,625100,1
"3231 NW 18th Ct, Fort Lauderdale, FL 33311",255600,3,1,981,5189,1960,356800,0
"1300 SE 1st Way, Deerfield Beach, FL 33441",580600,4,2,1440,7111,1964,496400,1
"2000 SW 15th Pl, Deerfield Beach, FL 33442",336700,2,2,1423,1674,1975,333400,1
"2817 SW 8th St, Fort Lauderdale, FL 33312",397400,3,2,1254,8432,1954,412200,1
"2000 SW 15th Pl, Deerfield Beach, FL 33442",325000,2,2,1554,2132,1980,308800,1
"6521 Moseley St, Hollywood, FL 33024",473000,2,1,1067,6828,1963,477800,0
"4200 NE 3rd Ave, Pompano Beach, FL 33064",500100,3,2,1490,8768,1965,403300,1
"4200 NE 3rd Ave, Pompano Beach, FL 33064",448700,3,2,1362,6601,1965,402500,0
"2000 SW 15th Pl, Deerfield Beach, FL 33442",311100,2,2,1424,1604,1974,348800,1
"3231 NW 18th Ct, Fort Lauderdale, FL 33311",350000,3,1,1009,6600,1960,340300,1
"6521 Moseley St, Hollywood, FL 33024",414900,2,1,1117,5558,1955,399900,0
"1711 Bayview Dr, Fort Lauderdale, FL 33305",1810200,3,3,2818,9874,1998,2163100,1
"5494 Pine Cr, Coral Springs, FL 33067",520600,3,2,1702,3708,1990,601800,1
"397 Mallard Ln, Weston, FL 33327",1147700,5,3,5092,5601,1992,1327100,0
"1844 NW 81st Ave, Coral Springs, FL 33071",604400,4,2,1860,10711,1975,631800,1
"5264 NW 89th Dr, Coral Springs, FL 33067",590000,4,2,2252,9557,1986,887300,1
"2912 NE 27th St, Lighthouse Point, FL 33064",578300,2,2,1453,10283,1952,738600,0
"1711 Bayview Dr, Fort Lauderdale, FL 33305",1914000,3,3,2737,10592,1992,2161700,0
"31 Pelican Dr, Fort Lauderdale, FL 33301",8737300,7,7,6882,7570,2024,9566300,1
"31 Pelican Dr, Fort Lauderdale, FL 33301",8443400,7,7,5882,6470,2018,9717700,0
"2041 SW 15th Pl, Deerfield Beach, FL 33442",445500,2,2,1248,1543,1984,391800,0
"4021 NW 7th Ave, Pompano Beach, FL 33064",398900,4,2,1486,7671,1961,372900,1
"1431 Wiley St, Hollywood, FL 33020",466700,2,2,1040,9670,1952,584700,0
"4021 NW 7th Ave, Pompano Beach, FL 33064",406900,4,2,1706,6358,1969,422500,1
"5680 NW 88th Ter, Coral Springs, FL 33067",808100,4,3,2451,2696,1983,747600,0
"5494 Pine Cr, Coral Springs, FL 33067",611100,3,2,1530,3044,1988,559900,0
"5310 NW 79th Way, Parkland, FL 33067",917100,3,2,1527,1680,1971,823400,1
"31 Pelican Dr, Fort Lauderdale, FL 33301",8659500,7,7,6433,7076,2020,8757700,0
"4761 SW 72nd Ave, Davie, FL 33314",766100,3,3,3390,3729,1973,870100,0
"4761 SW 72nd Ave, Davie, FL 33314",757500,3,3,3508,3859,1978,728000,1
"5310 NW 79th Way, Parkland, FL 33067",858000,3,2,1599,1759,1973,909000,0
"2041 SW 15th Pl, Deerfield Beach, FL 33442",383200,2,2,1266,1837,1984,336000,1
"4200 NE 3rd Ave, Pompano Beach, FL 33064",334800,3,2,1461,6937,1965,452100,0
"4581 NE 3rd Ter, Oakland Park, FL 33334",629400,3,2,1381,6054,1961,571700,1
"5680 NW 88th Ter, Coral Springs, FL 33067",705900,4,3,2839,3123,1982,812200,1
"4761 SW 72nd Ave, Davie, FL 33314",816700,3,3,3013,3314,1973,863300,0
"31 Pelican Dr, Fort Lauderdale, FL 33301",9491000,7,7,6647,7312,2023,9156600,1
"1431 Wiley St, Hollywood, FL 33020",538600,2,2,1297,7528,1952,548500,1
"11948 Glenmore Dr, Coral Springs, FL 33071",769100,4,3,3585,8009,1990,861400,1
"4200 NE 3rd Ave, Pompano Beach, FL 33064",504900,3,2,1277,7684,1965,435800,0
"2724 NW 2nd St, Pompano Beach, FL 33069",341100,3,1,1028,5543,1967,336100,1
"381 SE 6th Ct, Pompano Beach, FL 33060",539400,3,2,1627,8872,1954,664600,1
"2817 SW 8th St, Fort Lauderdale, FL 33312",461100,3,2,1238,6799,1951,497200,1
"1844 NW 81st Ave, Coral Springs, FL 33071",561900,4,2,1842,9980,1972,675300,0
"7217 SW 3rd Ct, North Lauderdale, FL 33068",395100,3,2,1214,6879,1976,363500,1
"2041 SW 15th Pl, Deerfield Beach, FL 33442",323900,2,2,1172,1526,1977,350300,1
"1319 Buchanan St, Hollywood, FL 33019",743200,3,2,1427,10769,1946,814300,1
"2130 NW 69th Ter, Margate, FL 33063",380800,3,2,1856,9335,1977,487600,1
"1201 E River Dr, Margate, FL 33063",375900,3,1,1053,8316,1961,402700,0
"5494 Pine Cr, Coral Springs, FL 33067",503400,3,2,1716,3455,1988,559700,1
"1711 Bayview Dr, Fort Lauderdale, FL 33305",2078800,3,3,2954,12219,1992,1971900,1
"2912 NE 27th St, Lighthouse Point, FL 33064",767900,2,2,1398,8018,1960,726200,1
"4761 SW 72nd Ave, Davie, FL 33314",868300,3,3,2978,3276,1972,789900,0
"2817 SW 8th St, Fort Lauderdale, FL 33312",440200,3,2,1183,8048,1951,450800,0
"397 Mallard Ln, Weston, FL 33327",1335100,5,3,5133,5646,1992,1209200,0
"5680 NW 88th Ter, Coral Springs, FL 33067",783900,4,3,2663,2929,1983,764800,0
"1400 NW 101st Ter, Plantation, FL 33322",611900,4,2,2536,2790,1992,784500,0
"13374 NW 13th St, Pembroke Pines, FL 33028",829100,5,4,4128,7334,2003,1067800,1
"4061 NW 54th Ct, Coconut Creek, FL 33073",607000,3,2,1289,7811,1992,703000,0
"6 Tahoe Ln, Sea Ranch Lakes, FL 33308",2195400,4,4,3829,4212,1969,2325700,1
"8512 NW 14th St, Plantation, FL 33322",361100,2,2,1536,2506,1977,427900,0
"11051 NW 24th St, Coral Springs, FL 33065",595000,4,3,2965,3262,1971,818100,1
"31 Pelican Dr, Fort Lauderdale, FL 33301",9606400,7,7,7085,7794,2016,9469300,1
"4761 SW 72nd Ave, Davie, FL 33314",679000,3,3,3116,3428,1976,810900,1
"31 Pelican Dr, Fort Lauderdale, FL 33301",10120000,7,7,6793,7472,2020,10118900,0
"5310 NW 79th Way, Parkland, FL 33067",685000,3,2,1543,1697,1968,895100,0
"2130 NW 69th Ter, Margate, FL 33063",510200,3,2,1561,7853,1984,465600,0
"397 Mallard Ln, Weston, FL 33327",1260800,5,3,4946,5441,2002,1279100,1
"1319 Buchanan St, Hollywood, FL 33019",608400,3,2,1369,9284,1954,907400,0
"6521 Moseley St, Hollywood, FL 33024",406400,2,1,1051,5944,1956,457700,1
"8626 NW 50th Dr, Coral Springs, FL 33067",643100,4,2,2244,8885,1985,703500,1
"2303 NW 115 Ave, Coral Springs, FL 33065",630600,4,3,2532,2785,1972,680900,0
"8512 NW 14th St, Plantation, FL 33322",423500,2,2,1611,1961,1970,490000,1
"2303 NW 115 Ave, Coral Springs, FL 33065",474000,4,3,2076,2284,1980,612300,1
"4581 NE 3rd Ter, Oakland Park, FL 33334",703400,3,2,1699,5770,1958,544600,0
"397 Mallard Ln, Weston, FL 33327",1596500,5,3,4695,5164,1999,1373500,1
"2912 NE 27th St, Lighthouse Point, FL 33064",775900,2,2,1577,10410,1952,670000,1
"2746 NE 18th St, Fort Lauderdale, FL 33305",5872600,5,5,5414,5955,2021,5869600,1
"1319 Buchanan St, Hollywood, FL 33019",636500,3,2,1348,10562,1952,818100,1
"2041 SW 15th Pl, Deerfield Beach, FL 33442",405500,2,2,1223,1775,1978,346800,0
"381 SE 6th Ct, Pompano Beach, FL 33060",565300,3,2,1472,9701,1955,649700,1
"1201 E River Dr, Margate, FL 33063",376800,3,1,1066,8241,1959,458800,0
"2817 SW 8th St, Fort Lauderdale, FL 33312",403800,3,2,1204,6632,1960,428700,0
"7217 SW 3rd Ct, North Lauderdale, FL 33068",440000,3,2,1282,4286,1970,420000,0
"5310 NW 79th Way, Parkland, FL 33067",810700,3,2,1601,1761,1971,768000,1
"11051 NW 24th St, Coral Springs, FL 33065",736000,4,3,2724,2996,1976,744000,0
"5680 NW 88th Ter, Coral Springs, FL 33067",836500,4,3,2893,3182,1992,892400,0
"6521 Moseley St, Hollywood, FL 33024",572000,2,1,917,6238,1962,382500,1
"1212 NE 13th Ave, Fort Lauderdale, FL 33304",576100,2,1,1058,7113,1953,545500,0
"6521 Moseley St, Hollywood, FL 33024",444100,2,1,1140,6610,1955,406700,0
"5310 NW 79th Way, Parkland, FL 33067",585500,3,2,1433,1576,1973,767000,0
"11948 Glenmore Dr, Coral Springs, FL 33071",855700,4,3,3225,5571,1990,758900,1
"6521 Moseley St, Hollywood, FL 33024",314900,2,1,1081,5506,1956,437300,0
"1400 NW 101st Ter, Plantation, FL 33322",954300,4,2,2750,3025,1982,801100,1
"13374 NW 13th St, Pembroke Pines, FL 33028",1067400,5,4,3448,7153,2004,968200,0
"4061 NW 54th Ct, Coconut Creek, FL 33073",528000,3,2,1277,9845,1997,647400,1
"2724 NW 2nd St, Pompano Beach, FL 33069",347900,3,1,1167,5261,1965,311000,1
"2303 NW 115 Ave, Coral Springs, FL 33065",485500,4,3,2031,2234,1975,668000,1
"4061 NW 54th Ct, Coconut Creek, FL 33073",396500,3,2,1321,10226,1991,683300,1
"4200 NE 3rd Ave, Pompano Beach, FL 33064",541800,3,2,1497,8381,1963,492900,0
"2000 SW 15th Pl, Deerfield Beach, FL 33442",339500,2,2,1561,1871,1983,385200,1
"11051 NW 24th St, Coral Springs, FL 33065",991600,4,3,2631,2894,1975,814700,1
"1431 Wiley St, Hollywood, FL 33020",467300,2,2,1185,6493,1954,497700,1
"4581 NE 3rd Ter, Oakland Park, FL 33334",526500,3,2,1529,5972,1951,546600,1
"3231 NW 18th Ct, Fort Lauderdale, FL 33311",306100,3,1,1070,5673,1959,403900,1
"2000 SW 15th Pl, Deerfield Beach, FL 33442",309600,2,2,1354,1892,1976,366500,1
"13374 NW 13th St, Pembroke Pines, FL 33028",894100,5,4,3709,7525,2000,1051900,0
"5310 NW 79th Way, Parkland, FL 33067",714400,3,2,1457,1603,1972,918700,1
"31 Pelican Dr, Fort Lauderdale, FL 33301",10459700,7,7,6242,6866,2018,10053700,0
"411 SE 2nd Ave, Pompano Beach, FL 33060",910100,2,2,1774,8421,1954,856000,1
"1844 NW 81st Ave, Coral Springs, FL 33071",668200,4,2,1921,8760,1971,542000,1
"31 Pelican Dr, Fort Lauderdale, FL 33301",10652700,7,7,6121,6733,2024,9620400,1
"8512 NW 14th St, Plantation, FL 33322",435300,2,2,1496,2233,1974,493300,0
"2000 SW 15th Pl, Deerfield Beach, FL 33442",348500,2,2,1547,2132,1975,374000,0
"11948 Glenmore Dr, Coral Springs, FL 33071",948600,4,3,3367,6006,1995,864100,1
"4581 NE 3rd Ter, Oakland Park, FL 33334",702300,3,2,1387,4054,1958,583100,1
"11948 Glenmore Dr, Coral Springs, FL 33071",794600,4,3,3229,6485,1999,889000,0
"1212 NE 13th Ave, Fort Lauderdale, FL 33304",609900,2,1,1078,6241,1954,592100,1
"5173 Lakewood Dr, Cooper City, FL 33330",1182100,5,4,3055,10183,2005,1222600,0
"4021 NW 7th Ave, Pompano Beach, FL 33064",446200,4,2,1560,7597,1970,405000,0
"1212 NE 13th Ave, Fort Lauderdale, FL 33304",607000,2,1,900,7044,1950,578300,1
"4200 NE 3rd Ave, Pompano Beach, FL 33064",454800,3,2,1274,7912,1958,423800,1
"5494 Pine Cr, Coral Springs, FL 33067",565800,3,2,1541,4410,1993,548400,1
"1711 Bayview Dr, Fort Lauderdale, FL 33305",2163500,3,3,2604,12280,1997,2334900,0
"13374 NW 13th St, Pembroke Pines, FL 33028",926300,5,4,3828,9120,1995,844900,0
"2817 SW 8th St, Fort Lauderdale, FL 33312",377800,3,2,1356,7227,1953,452200,0
"5680 NW 88th Ter, Coral Springs, FL 33067",770400,4,3,2777,3055,1982,714700,1
"3231 NW 18th Ct, Fort Lauderdale, FL 33311",310000,3,1,988,5885,1966,334100,0
"1400 NW 101st Ter, Plantation, FL 33322",833800,4,2,2378,2616,1988,783700,0
"4581 NE 3rd Ter, Oakland Park, FL 33334",338900,3,2,1499,5644,1954,513000,1
"13374 NW 13th St, Pembroke Pines, FL 33028",835200,5,4,3668,6366,1998,973000,1
"411 SE 2nd Ave, Pompano Beach, FL 33060",972400,2,2,1605,7020,1961,868300,0
"2000 SW 15th Pl, Deerfield Beach, FL 33442",402900,2,2,1364,2244,1984,381900,1
"5680 NW 88th Ter, Coral Springs, FL 33067",812600,4,3,2615,2877,1988,860400,0
"6 Tahoe Ln, Sea Ranch Lakes, FL 33308",2537400,4,4,3238,3562,1966,2032100,0
"4761 SW 72nd Ave, Davie, FL 33314",754800,3,3,3231,3554,1972,718000,0
"6 Tahoe Ln, Sea Ranch Lakes, FL 33308",1738500,4,4,3480,3828,1971,2412500,0
"2000 SW 15th Pl, Deerfield Beach, FL 33442",380300,2,2,1329,2044,1978,332500,1
"1300 SE 1st Way, Deerfield Beach, FL 33441",483200,4,2,1598,7818,1957,636100,1
"2746 NE 18th St, Fort Lauderdale, FL 33305",5601900,5,5,4778,5256,2015,5328100,0
"6 Tahoe Ln, Sea Ranch Lakes, FL 33308",1795700,4,4,3143,3457,1971,2198700,0
"6521 Moseley St, Hollywood, FL 33024",369200,2,1,1024,5798,1960,430400,1
"8626 NW 50th Dr, Coral Springs, FL 33067",723400,4,2,2095,10793,1988,698700,1
"13374 NW 13th St, Pembroke Pines, FL 33028",1193500,5,4,4163,8170,1997,939900,1
"1431 Wiley St, Hollywood, FL 33020",431700,2,2,1279,8361,1952,493700,0
"11948 Glenmore Dr, Coral Springs, FL 33071",912400,4,3,2964,6502,1992,699600,1
"5310 NW 79th Way, Parkland, FL 33067",821800,3,2,1703,1873,1969,938900,0
"5173 Lakewood Dr, Cooper City, FL 33330",1239400,5,4,2827,10523,2006,1191200,0
"397 Mallard Ln, Weston, FL 33327",1128000,5,3,5103,5613,1997,1267200,1
"2000 SW 15th Pl, Deerfield Beach, FL 33442",416400,2,2,1421,1563,1982,340800,1
"4761 SW 72nd Ave, Davie, FL 33314",674000,3,3,3123,3435,1974,820800,1
"5173 Lakewood Dr, Cooper City, FL 33330",1064700,5,4,2983,10938,2000,1229300,0
"5264 NW 89th Dr, Coral Springs, FL 33067",782700,4,2,2863,10738,1983,765300,1
"7217 SW 3rd Ct, North Lauderdale, FL 33068",365000,3,2,1167,5795,1974,482900,0
"8626 NW 50th Dr, Coral Springs, FL 33067",699600,4,2,2021,12212,1982,706400,0
"381 SE 6th Ct, Pompano Beach, FL 33060",583000,3,2,1629,7231,1961,740500,0
"5173 Lakewood Dr, Cooper City, FL 33330",1068800,5,4,2862,12042,2001,1098100,0
"31 Pelican Dr, Fort Lauderdale, FL 33301",9826100,7,7,6805,7486,2019,10831900,1
"1711 Bayview Dr, Fort Lauderdale, FL 33305",2135700,3,3,3026,11026,1995,2382400,1
"2746 NE 18th St, Fort Lauderdale, FL 33305",5517300,5,5,4927,5420,2020,5375400,1
"6 Tahoe Ln, Sea Ranch Lakes, FL 33308",2305600,4,4,3537,3891,1968,1980700,0
"1400 NW 101st Ter, Plantation, FL 33322",757200,4,2,2485,2734,1990,844200,1
"381 SE 6th Ct, Pompano Beach, FL 33060",609200,3,2,1782,8907,1963,688500,1
"11948 Glenmore Dr, Coral Springs, FL 33071",792900,4,3,3329,5669,1993,811000,1
"8512 NW 14th St, Plantation, FL 33322",440000,2,2,1655,2577,1976,426400,1
"5310 NW 79th Way, Parkland, FL 33067",753700,3,2,1534,1687,1972,738500,0
"4061 NW 54th Ct, Coconut Creek, FL 33073",576200,3,2,1318,7085,1992,684700,1
"2724 NW 2nd St, Pompano Beach, FL 33069",373000,3,1,1225,6220,1961,314300,1
"1844 NW 81st Ave, Coral Springs, FL 33071",701700,4,2,1626,10977,1975,665700,1
"1300 SE 1st Way, Deerfield Beach, FL 33441",572700,4,2,1564,7016,1965,639200,1
"5310 NW 79th Way, Parkland, FL 33067",740800,3,2,1289,1418,1975,874300,1
"11948 Glenmore Dr, Coral Springs, FL 33071",545000,4,3,3302,6584,1999,776600,1
"4061 NW 54th Ct, Coconut Creek, FL 33073",708000,3,2,1354,9149,1991,598600,1
"1400 NW 101st Ter, Plantation, FL 33322",827300,4,2,2597,2857,1991,786800,0
"1400 NW 101st Ter, Plantation, FL 33322",621300,4,2,2531,2784,1987,732300,1
"31 Pelican Dr, Fort Lauderdale, FL 33301",9506500,7,7,7211,7932,2022,12111900,1
"4061 NW 54th Ct, Coconut Creek, FL 33073",691900,3,2,1314,8963,1991,689700,0
"2303 NW 115 Ave, Coral Springs, FL 33065",629100,4,3,2013,2214,1979,531200,0
"13374 NW 13th St, Pembroke Pines, FL 33028",1243600,5,4,3940,7906,1995,830800,1
"8626 NW 50th Dr, Coral Springs, FL 33067",668100,4,2,2299,9965,1983,645000,0
"3231 NW 18th Ct, Fort Lauderdale, FL 33311",293300,3,1,1015,4889,1965,330900,1
"5494 Pine Cr, Coral Springs, FL 33067",639200,3,2,1747,3992,1991,549300,0
"11051 NW 24th St, Coral Springs, FL 33065",789700,4,3,2765,3042,1974,768900,1
"2912 NE 27th St, Lighthouse Point, FL 33064",649200,2,2,1383,10922,1959,788900,1
"2746 NE 18th St, Fort Lauderdale, FL 33305",4327100,5,5,4757,5233,2020,5875400,1
"6 Tahoe Ln, Sea Ranch Lakes, FL 33308",1958100,4,4,3437,3781,1973,2293600,1
"7217 SW 3rd Ct, North Lauderdale, FL 33068",300400,3,2,1228,6176,1972,504800,0
"5173 Lakewood Dr, Cooper City, FL 33330",1262600,5,4,3096,10480,2001,1434200,1
"6 Tahoe Ln, Sea Ranch Lakes, FL 33308",2259700,4,4,3574,3931,1968,2386900,1
"5173 Lakewood Dr, Cooper City, FL 33330",1410600,5,4,3134,11214,2006,1199100,0
"8512 NW 14th St, Plantation, FL 33322",364900,2,2,1594,2112,1977,439400,1
"13374 NW 13th St, Pembroke Pines, FL 33028",862300,5,4,3679,8108,1998,854300,1
"2130 NW 69th Ter, Margate, FL 33063",495200,3,2,1765,7618,1981,525000,1
"1844 NW 81st Ave, Coral Springs, FL 33071",647900,4,2,1895,8223,1969,626300,1
"411 SE 2nd Ave, Pompano Beach, FL 33060",628000,2,2,1748,7019,1962,924900,0
"5173 Lakewood Dr, Cooper City, FL 33330",1234800,5,4,2788,9653,2005,1077700,0
"1711 Bayview Dr, Fort Lauderdale, FL 33305",1564600,3,3,2508,7006,1992,2379800,1
"411 SE 2nd Ave, Pompano Beach, FL 33060",833100,2,2,1804,8128,1954,871900,1
"1400 NW 101st Ter, Plantation, FL 33322",923600,4,2,2470,2717,1985,874500,0
"4021 NW 7th Ave, Pompano Beach, FL 33064",389800,4,2,1461,6972,1969,430200,0
"5494 Pine Cr, Coral Springs, FL 33067",562900,3,2,1586,3710,1990,574900,0
"8626 NW 50th Dr, Coral Springs, FL 33067",597000,4,2,2301,12786,1985,695700,0
"4200 NE 3rd Ave, Pompano Beach, FL 33064",476100,3,2,1303,7717,1963,374300,0
"2724 NW 2nd St, Pompano Beach, FL 33069",328200,3,1,1242,4223,1961,382200,1
"1319 Buchanan St, Hollywood, FL 33019",784400,3,2,1533,10158,1951,794700,0
"12817 SW 26th St, Miramar, FL 33027",649800,4,3,2167,5925,2000,708200,0
"4581 NE 3rd Ter, Oakland Park, FL 33334",611300,3,2,1660,5667,1951,621800,1
"13374 NW 13th St, Pembroke Pines, FL 33028",1014600,5,4,3618,6363,2001,841400,1
"2746 NE 18th St, Fort Lauderdale, FL 33305",4304400,5,5,4574,5031,2024,4896000,1
"11051 NW 24th St, Coral Springs, FL 33065",660300,4,3,3077,3385,1973,780600,1
"2130 NW 69th Ter, Margate, FL 33063",441600,3,2,1383,6226,1977,487900,0
"5680 NW 88th Ter, Coral Springs, FL 33067",776400,4,3,2656,2922,1991,909900,0
"1212 NE 13th Ave, Fort Lauderdale, FL 33304",504300,2,1,919,5857,1948,588200,0
"381 SE 6th Ct, Pompano Beach, FL 33060",597100,3,2,1527,7926,1962,719400,1
"1300 SE 1st Way, Deerfield Beach, FL 33441",616400,4,2,1634,7971,1957,608600,1
"2000 SW 15th Pl, Deerfield Beach, FL 33442",372500,2,2,1330,2228,1982,357900,1
"381 SE 6th Ct, Pompano Beach, FL 33060",587000,3,2,1683,6996,1962,698500,1
"2724 NW 2nd St, Pompano Beach, FL 33069",288200,3,1,1219,6287,1966,397600,1
"2041 SW 15th Pl, Deerfield Beach, FL 33442",337900,2,2,1256,1632,1974,257600,0
"8512 NW 14th St, Plantation, FL 33322",438000,2,2,1810,2143,1972,376300,1
"5264 NW 89th Dr, Coral Springs, FL 33067",690900,4,2,2324,9345,1989,768900,1
"5680 NW 88th Ter, Coral Springs, FL 33067",692500,4,3,2908,3199,1989,796200,0
"31 Pelican Dr, Fort Lauderdale, FL 33301",10074100,7,7,6617,7279,2023,8780400,1
"1711 Bayview Dr, Fort Lauderdale, FL 33305",1628200,3,3,2478,11149,1995,2073900,0
"3231 NW 18th Ct, Fort Lauderdale, FL 33311",307600,3,1,951,6251,1968,309800,1
"5264 NW 89th Dr, Coral Springs, FL 33067",776200,4,2,2241,10560,1983,733000,1
"2746 NE 18th St, Fort Lauderdale, FL 33305",5032900,5,5,4757,5233,2020,5540000,1
"381 SE 6th Ct, Pompano Beach, FL 33060",631400,3,2,1653,9478,1954,746200,0
"1300 SE 1st Way, Deerfield Beach, FL 33441",608700,4,2,1608,9869,1964,562900,0
"411 SE 2nd Ave, Pompano Beach, FL 33060",776500,2,2,1872,6347,1956,936400,0
"4200 NE 3rd Ave, Pompano Beach, FL 33064",494100,3,2,1443,7681,1957,354000,0
"8512 NW 14th St, Plantation, FL 33322",359800,2,2,1509,2557,1971,353900,0
"2041 SW 15th Pl, Deerfield Beach, FL 33442",437100,2,2,1248,1565,1981,342500,1
"2746 NE 18th St, Fort Lauderdale, FL 33305",5650900,5,5,5186,5705,2014,5705800,1
"6 Tahoe Ln, Sea Ranch Lakes, FL 33308",1768900,4,4,3704,4074,1973,2166700,0
"2912 NE 27th St, Lighthouse Point, FL 33064",664300,2,2,1319,10509,1958,782500,1
"381 SE 6th Ct, Pompano Beach, FL 33060",549200,3,2,1642,9979,1955,675000,1
"7217 SW 3rd Ct, North Lauderdale, FL 33068",377500,3,2,1205,7195,1975,438000,1
"5173 Lakewood Dr, Cooper City, FL 33330",1180300,5,4,2935,8290,1998,1184500,0
"2130 NW 69th Ter, Margate, FL 33063",409200,3,2,1665,6489,1984,492400,0
"7217 SW 3rd Ct, North Lauderdale, FL 33068",464600,3,2,1250,7607,1975,472000,0
"5680 NW 88th Ter, Coral Springs, FL 33067",780600,4,3,2452,2697,1989,870300,1
"31 Pelican Dr, Fort Lauderdale, FL 33301",10649100,7,7,6811,7492,2022,9971000,1
"1431 Wiley St, Hollywood, FL 33020",483800,2,2,1474,9418,1953,481000,1
"5264 NW 89th Dr, Coral Springs, FL 33067",719900,4,2,2294,10096,1985,838800,1
"1844 NW 81st Ave, Coral Springs, FL 33071",685700,4,2,1975,9065,1977,683900,1
"381 SE 6th Ct, Pompano Beach, FL 33060",537800,3,2,1650,7361,1959,628200,0
"7217 SW 3rd Ct, North Lauderdale, FL 33068",355100,3,2,1181,7060,1971,477000,0
"2912 NE 27th St, Lighthouse Point, FL 33064",658400,2,2,1301,8666,1960,642300,0
"5173 Lakewood Dr, Cooper City, FL 33330",937400,5,4,3210,11793,2007,1199800,0
"2041 SW 15th Pl, Deerfield Beach, FL 33442",340900,2,2,1315,1759,1980,351000,1
"4761 SW 72nd Ave, Davie, FL 33314",711600,3,3,3448,3793,1970,728200,0
"2817 SW 8th St, Fort Lauderdale, FL 33312",402300,3,2,1347,6439,1952,441300,1
"4200 NE 3rd Ave, Pompano Beach, FL 33064",465300,3,2,1595,7796,1955,400900,0
"8626 NW 50th Dr, Coral Springs, FL 33067",656400,4,2,2219,11692,1981,710100,1
"11948 Glenmore Dr, Coral Springs, FL 33071",959100,4,3,2961,6488,2000,812400,0
"5680 NW 88th Ter, Coral Springs, FL 33067",688700,4,3,2740,3014,1985,712700,1
"2303 NW 115 Ave, Coral Springs, FL 33065",627400,4,3,2206,2427,1974,684600,0
"4021 NW 7th Ave, Pompano Beach, FL 33064",272500,4,2,1551,6298,1961,376200,0
"4200 NE 3rd Ave, Pompano Beach, FL 33064",415200,3,2,1351,8336,1962,395400,1
"2041 SW 15th Pl, Deerfield Beach, FL 33442",351400,2,2,1240,1948,1974,316700,0
"2303 NW 115 Ave, Coral Springs, FL 33065",664200,4,3,2230,2453,1972,629100,1
"4021 NW 7th Ave, Pompano Beach, FL 33064",414600,4,2,1566,7734,1965,409000,1
"2724 NW 2nd St, Pompano Beach, FL 33069",364700,3,1,1075,6085,1960,367200,0
"5264 NW 89th Dr, Coral Springs, FL 33067",804200,4,2,2325,9439,1993,794800,0
"381 SE 6th Ct, Pompano Beach, FL 33060",552700,3,2,1758,8415,1956,619400,1
"5494 Pine Cr, Coral Springs, FL 33067",588300,3,2,1636,4472,1992,610500,0
"4581 NE 3rd Ter, Oakland Park, FL 33334",634400,3,2,1400,6091,1952,580700,0
"4061 NW 54th Ct, Coconut Creek, FL 33073",802700,3,2,1429,6945,1995,674100,0
"8512 NW 14th St, Plantation, FL 33322",380300,2,2,1541,2215,1976,396100,0
"11051 NW 24th St, Coral Springs, FL 33065",907300,4,3,2741,3015,1976,829900,0
"6521 Moseley St, Hollywood, FL 33024",479700,2,1,1067,6524,1961,404300,1
"31 Pelican Dr, Fort Lauderdale, FL 33301",11124800,7,7,5729,6302,2023,9727400,0
"11948 Glenmore Dr, Coral Springs, FL 33071",710800,4,3,3300,5451,1992,791200,1
"12817 SW 26th St, Miramar, FL 33027",617300,4,3,2554,3276,1998,717300,0
"2746 NE 18th St, Fort Lauderdale, FL 33305",6141900,5,5,4773,5250,2020,5936400,1
"4581 NE 3rd Ter, Oakland Park, FL 33334",580400,3,2,1620,6118,1958,517100,0
"7217 SW 3rd Ct, North Lauderdale, FL 33068",388000,3,2,1135,5630,1976,457900,0
"5264 NW 89th Dr, Coral Springs, FL 33067",806100,4,2,2203,7803,1987,811300,1
"2130 NW 69th Ter, Margate, FL 33063",565400,3,2,1513,6538,1981,498600,1
"2041 SW 15th Pl, Deerfield Beach, FL 33442",409400,2,2,1137,1610,1975,310300,1
"11948 Glenmore Dr, Coral Springs, FL 33071",713400,4,3,3076,5988,1991,868000,1
"31 Pelican Dr, Fort Lauderdale, FL 33301",9015100,7,7,5811,6392,2017,9981000,0
"3231 NW 18th Ct, Fort Lauderdale, FL 33311",284300,3,1,1030,7541,1964,369100,0
"2746 NE 18th St, Fort Lauderdale, FL 33305",5279500,5,5,4176,4594,2020,6475400,1
"411 SE 2nd Ave, Pompano Beach, FL 33060",743600,2,2,1679,7763,1962,886400,0
"4021 NW 7th Ave, Pompano Beach, FL 33064",377300,4,2,1539,7768,1970,387300,1
"4200 NE 3rd Ave, Pompano Beach, FL 33064",562100,3,2,1305,8117,1959,427300,0
"411 SE 2nd Ave, Pompano Beach, FL 33060",792900,2,2,1686,8647,1964,1010800,1
"2130 NW 69th Ter, Margate, FL 33063",545200,3,2,1716,6897,1978,518600,0
"4061 NW 54th Ct, Coconut Creek, FL 33073",655200,3,2,1387,8617,1992,741300,1
"12817 SW 26th St, Miramar, FL 33027",743600,4,3,2726,4875,1998,803300,1
"6 Tahoe Ln, Sea Ranch Lakes, FL 33308",2264600,4,4,3364,3700,1963,2055200,0
"11948 Glenmore Dr, Coral Springs, FL 33071",625200,4,3,2914,6523,1997,837700,1
"7217 SW 3rd Ct, North Lauderdale, FL 33068",419900,3,2,1351,6899,1972,393500,0
"2130 NW 69th Ter, Margate, FL 33063",415400,3,2,1661,7736,1979,474500,0
"1844 NW 81st Ave, Coral Springs, FL 33071",871900,4,2,1666,10078,1970,572800,0
"1400 NW 101st Ter, Plantation, FL 33322",780000,4,2,2323,2555,1983,750500,1
"3231 NW 18th Ct, Fort Lauderdale, FL 33311",329400,3,1,959,5888,1959,315600,0
"2817 SW 8th St, Fort Lauderdale, FL 33312",385900,3,2,1154,7313,1952,469800,0
"4021 NW 7th Ave, Pompano Beach, FL 33064",384200,4,2,1724,7699,1964,414300,1
"1212 NE 13th Ave, Fort Lauderdale, FL 33304",478000,2,1,808,5485,1945,497100,1
"1300 SE 1st Way, Deerfield Beach, FL 33441",600800,4,2,1444,8325,1959,648400,0
"1711 Bayview Dr, Fort Lauderdale, FL 33305",2182100,3,3,2799,11400,1996,2191300,1
"8512 NW 14th St, Plantation, FL 33322",479100,2,2,1475,2020,1977,425300,1
"4761 SW 72nd Ave, Davie, FL 33314",620200,3,3,3039,3343,1977,845800,0
"1400 NW 101st Ter, Plantation, FL 33322",766300,4,2,2485,2734,1992,983400,1
"8512 NW 14th St, Plantation, FL 33322",369200,2,2,1618,1780,1973,446300,0
"2303 NW 115 Ave, Coral Springs, FL 33065",485900,4,3,1980,2178,1981,660400,0
"1844 NW 81st Ave, Coral Springs, FL 33071",534500,4,2,2009,10207,1970,528200,0
"4200 NE 3rd Ave, Pompano Beach, FL 33064",479000,3,2,1476,7910,1964,334700,1
"8626 NW 50th Dr, Coral Springs, FL 33067",722600,4,2,2485,10042,1985,738500,1
"5680 NW 88th Ter, Coral Springs, FL 33067",783300,4,3,2759,3035,1984,874600,0
"4761 SW 72nd Ave, Davie, FL 33314",858100,3,3,3352,3687,1969,740700,1
"3231 NW 18th Ct, Fort Lauderdale, FL 33311",393500,3,1,970,4474,1959,293300,1
"6 Tahoe Ln, Sea Ranch Lakes, FL 33308",2179700,4,4,3279,3607,1965,2111200,0
"411 SE 2nd Ave, Pompano Beach, FL 33060",631900,2,2,1631,7045,1955,785100,1
"381 SE 6th Ct, Pompano Beach, FL 33060",535800,3,2,1426,7323,1956,637500,1
"6521 Moseley St, Hollywood, FL 33024",438300,2,1,1123,5210,1954,471000,0
"1201 E River Dr, Margate, FL 33063",451400,3,1,1064,6983,1954,422300,1
"13374 NW 13th St, Pembroke Pines, FL 33028",979900,5,4,3421,4929,2002,773500,0
"6 Tahoe Ln, Sea Ranch Lakes, FL 33308",2500000,4,4,3333,3666,1964,2582200,0
"1400 NW 101st Ter, Plantation, FL 33322",959700,4,2,2245,2470,1991,911800,1
"381 SE 6th Ct, Pompano Beach, FL 33060",569000,3,2,1547,8355,1963,634900,0
"5173 Lakewood Dr, Cooper City, FL 33330",1489100,5,4,3043,10065,1997,1176800,0
"6 Tahoe Ln, Sea Ranch Lakes, FL 33308",1702800,4,4,2996,3296,1972,2421100,1
"1212 NE 13th Ave, Fort Lauderdale, FL 33304",550500,2,1,980,7039,1952,517700,0
"381 SE 6th Ct, Pompano Beach, FL 33060",574200,3,2,1551,8016,1958,563300,0
"5680 NW 88th Ter, Coral Springs, FL 33067",726600,4,3,2982,3280,1985,871800,0
"1212 NE 13th Ave, Fort Lauderdale, FL 33304",491300,2,1,840,8331,1951,687000,0
"5680 NW 88th Ter, Coral Springs, FL 33067",800900,4,3,2534,2787,1987,721100,0
"397 Mallard Ln, Weston, FL 33327",1355900,5,3,5212,5733,1995,1304200,1
"6521 Moseley St, Hollywood, FL 33024",448800,2,1,1121,6380,1962,404800,0
"5310 NW 79th Way, Parkland, FL 33067",767200,3,2,1446,1591,1975,873600,0
"1201 E River Dr, Margate, FL 33063",411800,3,1,1067,9529,1963,413300,0
"4021 NW 7th Ave, Pompano Beach, FL 33064",453700,4,2,1447,7350,1967,356000,0
"5494 Pine Cr, Coral Springs, FL 33067",624100,3,2,1799,3724,1986,572000,0
"5264 NW 89th Dr, Coral Springs, FL 33067",715300,4,2,2390,10774,1986,876600,0
"4761 SW 72nd Ave, Davie, FL 33314",892100,3,3,2955,3251,1976,861900,1
"31 Pelican Dr, Fort Lauderdale, FL 33301",8836100,7,7,6787,7466,2022,8369500,0
"4061 NW 54th Ct, Coconut Creek, FL 33073",614500,3,2,1375,9565,1997,631200,0
"4061 NW 54th Ct, Coconut Creek, FL 33073",614600,3,2,1232,9526,1996,595800,0
"1844 NW 81st Ave, Coral Springs, FL 33071",601200,4,2,2079,9717,1971,679100,0
"4581 NE 3rd Ter, Oakland Park, FL 33334",505300,3,2,1365,6184,1951,642200,0
"4581 NE 3rd Ter, Oakland Park, FL 33334",550500,3,2,1614,6205,1954,610500,0
"2746 NE 18th St, Fort Lauderdale, FL 33305",5851700,5,5,4315,4746,2024,5297700,1
"4581 NE 3rd Ter, Oakland Park, FL 33334",588700,3,2,1466,7009,1953,494400,0
"1212 NE 13th Ave, Fort Lauderdale, FL 33304",399400,2,1,1086,6826,1953,571200,1
"2041 SW 15th Pl, Deerfield Beach, FL 33442",398600,2,2,1421,1753,1975,396300,0
"411 SE 2nd Ave, Pompano Beach, FL 33060",734100,2,2,1802,7560,1957,897600,1
"4061 NW 54th Ct, Coconut Creek, FL 33073",708100,3,2,1323,9912,1993,676100,1
"5264 NW 89th Dr, Coral Springs, FL 33067",669200,4,2,2472,11173,1987,835900,1
"8626 NW 50th Dr, Coral Springs, FL 33067",796900,4,2,2029,12720,1983,675800,1
"5494 Pine Cr, Coral Springs, FL 33067",542600,3,2,1735,3084,1994,622800,1
"5680 NW 88th Ter, Coral Springs, FL 33067",858900,4,3,2909,3200,1990,845100,0
"6 Tahoe Ln, Sea Ranch Lakes, FL 33308",2067200,4,4,3192,3511,1969,2335700,1
"11948 Glenmore Dr, Coral Springs, FL 33071",855800,4,3,2987,6289,1995,719200,1
"8626 NW 50th Dr, Coral Springs, FL 33067",742700,4,2,2188,10933,1982,652900,1
"11051 NW 24th St, Coral Springs, FL 33065",593800,4,3,2964,3260,1971,810900,1
"5494 Pine Cr, Coral Springs, FL 33067",485700,3,2,1734,3436,1988,619100,1
"381 SE 6th Ct, Pompano Beach, FL 33060",638700,3,2,1710,8446,1955,685600,0
"2724 NW 2nd St, Pompano Beach, FL 33069",343500,3,1,1131,5547,1968,355700,1
"381 SE 6th Ct, Pompano Beach, FL 33060",529300,3,2,1704,8926,1955,673900,1
"11948 Glenmore Dr, Coral Springs, FL 33071",784900,4,3,3082,6084,2000,807000,1
"5494 Pine Cr, Coral Springs, FL 33067",512500,3,2,1744,3364,1994,649800,0
"31 Pelican Dr, Fort Lauderdale, FL 33301",9595300,7,7,6793,7472,2016,11256100,0
"2746 NE 18th St, Fort Lauderdale, FL 33305",6111900,5,5,5039,5543,2021,6027000,0
"12817 SW 26th St, Miramar, FL 33027",511400,4,3,2561,5847,1995,681100,1
"13374 NW 13th St, Pembroke Pines, FL 33028",894400,5,4,3521,8010,2003,790600,1
"4761 SW 72nd Ave, Davie, FL 33314",735500,3,3,3536,3890,1976,899000,0
"381 SE 6th Ct, Pompano Beach, FL 33060",593300,3,2,1557,7626,1957,647600,1
"4581 NE 3rd Ter, Oakland Park, FL 33334",405800,3,2,1383,5620,1960,504600,1
"3231 NW 18th Ct, Fort Lauderdale, FL 33311",397400,3,1,1155,5429,1966,310600,1
"3231 NW 18th Ct, Fort Lauderdale, FL 33311",304000,3,1,1159,5293,1968,333000,1
"1300 SE 1st Way, Deerfield Beach, FL 33441",541800,4,2,1507,9533,1962,662200,0
"2724 NW 2nd St, Pompano Beach, FL 33069",273600,3,1,1011,4280,1968,318100,1
"11948 Glenmore Dr, Coral Springs, FL 33071",871300,4,3,2767,6298,1995,844100,0
"1300 SE 1st Way, Deerfield Beach, FL 33441",585100,4,2,1543,7740,1960,648000,0
"8512 NW 14th St, Plantation, FL 33322",436600,2,2,1502,2475,1974,367300,0
"2041 SW 15th Pl, Deerfield Beach, FL 33442",282000,2,2,1274,1863,1976,351800,1
"31 Pelican Dr, Fort Lauderdale, FL 33301",8788500,7,7,6614,7275,2024,8969400,0
"1844 NW 81st Ave, Coral Springs, FL 33071",718300,4,2,1621,10220,1974,564500,1
"7217 SW 3rd Ct, North Lauderdale, FL 33068",340200,3,2,1260,7085,1973,440900,0
"2746 NE 18th St, Fort Lauderdale, FL 33305",6069800,5,5,5317,5849,2024,5508500,1
"11948 Glenmore Dr, Coral Springs, FL 33071",909800,4,3,3616,6474,1993,685700,1
"6521 Moseley St, Hollywood, FL 33024",399600,2,1,1047,6697,1961,445900,0
"1431 Wiley St, Hollywood, FL 33020",522100,2,2,1186,7050,1949,518100,0
"8512 NW 14th St, Plantation, FL 33322",415200,2,2,1566,2560,1974,449300,0
"1844 NW 81st Ave, Coral Springs, FL 33071",483100,4,2,1688,10305,1971,538400,1
"2817 SW 8th St, Fort Lauderdale, FL 33312",436200,3,2,1268,6182,1959,407300,0
"2817 SW 8th St, Fort Lauderdale, FL 33312",487000,3,2,1357,9004,1954,431300,0
"1212 NE 13th Ave, Fort Lauderdale, FL 33304",500900,2,1,1060,7583,1947,597200,1
"7217 SW 3rd Ct, North Lauderdale, FL 33068",414900,3,2,1225,6363,1979,456200,0
"5173 Lakewood Dr, Cooper City, FL 33330",1200600,5,4,2756,11170,2003,1136700,1
"8512 NW 14th St, Plantation, FL 33322",382600,2,2,1602,2366,1978,457900,0
"2041 SW 15th Pl, Deerfield Beach, FL 33442",405800,2,2,1238,1635,1975,387900,0
"8626 NW 50th Dr, Coral Springs, FL 33067",742700,4,2,2238,9432,1989,663300,0
"381 SE 6th Ct, Pompano Beach, FL 33060",601800,3,2,1746,6937,1959,619700,1
"11051 NW 24th St, Coral Springs, FL 33065",776600,4,3,2839,3123,1980,782900,0
"4200 NE 3rd Ave, Pompano Beach, FL 33064",447500,3,2,1423,8253,1957,380700,1
"11948 Glenmore Dr, Coral Springs, FL 33071",770900,4,3,3005,6072,2000,724500,1
"7217 SW 3rd Ct, North Lauderdale, FL 33068",317200,3,2,1315,5632,1977,452700,1
"4021 NW 7th Ave, Pompano Beach, FL 33064",405800,4,2,1366,7724,1961,371000,0
"6521 Moseley St, Hollywood, FL 33024",418100,2,1,1094,5852,1958,418400,0
"1319 Buchanan St, Hollywood, FL 33019",655200,3,2,1479,10354,1949,702800,0
"4581 NE 3rd Ter, Oakland Park, FL 33334",585500,3,2,1445,5102,1959,555700,1
"2041 SW 15th Pl, Deerfield Beach, FL 33442",302800,2,2,1227,1514,1980,339500,1
"2746 NE 18th St, Fort Lauderdale, FL 33305",6394000,5,5,4683,5151,2023,5094800,0
"8626 NW 50th Dr, Coral Springs, FL 33067",784700,4,2,2158,10216,1986,685800,1
"5680 NW 88th Ter, Coral Springs, FL 33067",835000,4,3,2507,2758,1992,912200,0
"2817 SW 8th St, Fort Lauderdale, FL 33312",381900,3,2,1184,6940,1961,450000,0
"2303 NW 115 Ave, Coral Springs, FL 33065",594300,4,3,1991,2190,1978,639700,1
"13374 NW 13th St, Pembroke Pines, FL 33028",931400,5,4,4038,8537,1998,794500,0
"1711 Bayview Dr, Fort Lauderdale, FL 33305",2099100,3,3,2772,8056,1990,2299700,1
"1400 NW 101st Ter, Plantation, FL 33322",879700,4,2,2499,2749,1985,932000,1
"2130 NW 69th Ter, Margate, FL 33063",460500,3,2,1386,7607,1979,459100,0
"2000 SW 15th Pl, Deerfield Beach, FL 33442",303200,2,2,1389,2089,1980,444600,1
"1711 Bayview Dr, Fort Lauderdale, FL 33305",2148900,3,3,2533,7786,1997,2216600,0
"4200 NE 3rd Ave, Pompano Beach, FL 33064",493100,3,2,1550,6114,1958,400800,0
"1300 SE 1st Way, Deerfield Beach, FL 33441",601300,4,2,1642,8937,1958,540000,1
"5494 Pine Cr, Coral Springs, FL 33067",556100,3,2,1738,3408,1991,644300,0
"4581 NE 3rd Ter, Oakland Park, FL 33334",561100,3,2,1489,6062,1959,602100,0
"3231 NW 18th Ct, Fort Lauderdale, FL 33311",217900,3,1,1064,6466,1963,360700,0
"5173 Lakewood Dr, Cooper City, FL 33330",1059200,5,4,3322,8908,1999,1144800,0
"12817 SW 26th St, Miramar, FL 33027",649400,4,3,2645,4440,1999,559500,0
"5310 NW 79th Way, Parkland, FL 33067",814100,3,2,1285,1414,1966,811600,1
"2041 SW 15th Pl, Deerfield Beach, FL 33442",398700,2,2,1102,1810,1975,411000,0
"411 SE 2nd Ave, Pompano Beach, FL 33060",592800,2,2,1920,6637,1962,828900,0
"5310 NW 79th Way, Parkland, FL 33067",796700,3,2,1563,1719,1969,905200,0
"5680 NW 88th Ter, Coral Springs, FL 33067",836200,4,3,2730,3003,1992,856100,1
"5310 NW 79th Way, Parkland, FL 33067",798300,3,2,1637,1801,1966,990200,1
"31 Pelican Dr, Fort Lauderdale, FL 33301",7411000,7,7,5842,6426,2021,10053200,0
"2303 NW 115 Ave, Coral Springs, FL 33065",530300,4,3,2058,2264,1979,657500,0
"5173 Lakewood Dr, Cooper City, FL 33330",1174500,5,4,2579,10824,2003,1102800,0
"1844 NW 81st Ave, Coral Springs, FL 33071",699500,4,2,1722,7159,1973,597100,0
"1212 NE 13th Ave, Fort Lauderdale, FL 33304",529400,2,1,969,7609,1949,537600,0
"397 Mallard Ln, Weston, FL 33327",1290500,5,3,4894,5383,1993,1309600,0
"1400 NW 101st Ter, Plantation, FL 33322",897700,4,2,2495,2744,1990,778000,1
"4761 SW 72nd Ave, Davie, FL 33314",898000,3,3,3109,3420,1969,793500,1
"1319 Buchanan St, Hollywood, FL 33019",512400,3,2,1452,9817,1953,761600,0
"12817 SW 26th St, Miramar, FL 33027",632000,4,3,2517,4310,1998,834900,1
"1212 NE 13th Ave, Fort Lauderdale, FL 33304",526900,2,1,967,7385,1951,619900,0
"2130 NW 69th Ter, Margate, FL 33063",439600,3,2,1656,7560,1977,472700,0
"2912 NE 27th St, Lighthouse Point, FL 33064",652200,2,2,1359,11185,1957,693200,1
"13374 NW 13th St, Pembroke Pines, FL 33028",989100,5,4,3657,8425,2004,955000,1
"1201 E River Dr, Margate, FL 33063",376200,3,1,1030,7504,1958,458200,1
"381 SE 6th Ct, Pompano Beach, FL 33060",589300,3,2,1422,6268,1956,618500,1
"5680 NW 88th Ter, Coral Springs, FL 33067",875500,4,3,2931,3224,1987,694900,1
"2912 NE 27th St, Lighthouse Point, FL 33064",611900,2,2,1404,9736,1953,761800,0
"411 SE 2nd Ave, Pompano Beach, FL 33060",684100,2,2,1687,8917,1962,959300,1
"6521 Moseley St, Hollywood, FL 33024",421000,2,1,1057,6710,1958,490900,0
"4200 NE 3rd Ave, Pompano Beach, FL 33064",512700,3,2,1528,8746,1957,428400,1
"1300 SE 1st Way, Deerfield Beach, FL 33441",542600,4,2,1680,6465,1965,656100,1
"7217 SW 3rd Ct, North Lauderdale, FL 33068",486600,3,2,1350,5473,1973,451800,1
"1319 Buchanan St, Hollywood, FL 33019",736100,3,2,1456,10459,1952,818600,1
"5310 NW 79th Way, Parkland, FL 33067",789000,3,2,1387,1526,1973,899400,0
"7217 SW 3rd Ct, North Lauderdale, FL 33068",503400,3,2,1392,6818,1970,448100,1
"2724 NW 2nd St, Pompano Beach, FL 33069",272400,3,1,1114,5392,1965,331900,0
"13374 NW 13th St, Pembroke Pines, FL 33028",834600,5,4,3497,9170,2002,954100,1
"8626 NW 50th Dr, Coral Springs, FL 33067",743900,4,2,2181,11383,1987,765300,0
"5264 NW 89th Dr, Coral Springs, FL 33067",672800,4,2,2350,9461,1987,784800,0
"6521 Moseley St, Hollywood, FL 33024",415800,2,1,1025,5347,1964,369400,1
"31 Pelican Dr, Fort Lauderdale, FL 33301",9304400,7,7,6296,6926,2017,10105800,0
"1212 NE 13th Ave, Fort Lauderdale, FL 33304",537400,2,1,980,6590,1945,599900,0
"31 Pelican Dr, Fort Lauderdale, FL 33301",9598000,7,7,6246,6871,2019,10998300,1
"2724 NW 2nd St, Pompano Beach, FL 33069",317300,3,1,1125,5468,1963,310800,0
"1201 E River Dr, Margate, FL 33063",504200,3,1,1111,8168,1956,370200,1
"2912 NE 27th St, Lighthouse Point, FL 33064",843900,2,2,1362,11024,1960,721200,1
"11051 NW 24th St, Coral Springs, FL 33065",789500,4,3,2794,3073,1980,793000,1
"5264 NW 89th Dr, Coral Springs, FL 33067",856000,4,2,2227,8124,1988,855000,1
"2746 NE 18th St, Fort Lauderdale, FL 33305",4952900,5,5,5389,5928,2017,6329300,1
"1201 E River Dr, Margate, FL 33063",379100,3,1,1090,8735,1957,426500,1
"4061 NW 54th Ct, Coconut Creek, FL 33073",520900,3,2,1359,11324,1989,707100,1
"2000 SW 15th Pl, Deerfield Beach, FL 33442",359400,2,2,1247,2179,1976,332300,0
"5310 NW 79th Way, Parkland, FL 33067",819200,3,2,1508,1659,1967,722900,1
"7217 SW 3rd Ct, North Lauderdale, FL 33068",455200,3,2,1149,6502,1980,435500,1
"2130 NW 69th Ter, Margate, FL 33063",485600,3,2,1849,7319,1977,494400,0
"11948 Glenmore Dr, Coral Springs, FL 33071",727600,4,3,2952,5830,1998,703500,0
"5494 Pine Cr, Coral Springs, FL 33067",638700,3,2,1493,3522,1987,496500,1
"4581 NE 3rd Ter, Oakland Park, FL 33334",622100,3,2,1498,6240,1955,551800,0
"4200 NE 3rd Ave, Pompano Beach, FL 33064",498000,3,2,1331,5870,1964,395300,0
"6 Tahoe Ln, Sea Ranch Lakes, FL 33308",1953900,4,4,3516,3868,1965,2100400,0
"4200 NE 3rd Ave, Pompano Beach, FL 33064",565400,3,2,1450,7666,1962,384300,1
"1844 NW 81st Ave, Coral Springs, FL 33071",589600,4,2,1788,9428,1978,656100,1
"2041 SW 15th Pl, Deerfield Beach, FL 33442",353200,2,2,1104,2131,1977,396900,0
"1319 Buchanan St, Hollywood, FL 33019",629100,3,2,1510,12834,1953,957700,1
"1300 SE 1st Way, Deerfield Beach, FL 33441",570500,4,2,1454,8205,1965,656800,1
"2724 NW 2nd St, Pompano Beach, FL 33069",332200,3,1,1183,3979,1960,286700,1
"4761 SW 72nd Ave, Davie, FL 33314",634700,3,3,3242,3566,1978,929300,0
"2724 NW 2nd St, Pompano Beach, FL 33069",290000,3,1,1168,5630,1969,304900,1
"31 Pelican Dr, Fort Lauderdale, FL 33301",8892300,7,7,6489,7138,2017,9657100,0
"12817 SW 26th St, Miramar, FL 33027",689500,4,3,2689,5481,2002,746900,0
"397 Mallard Ln, Weston, FL 33327",1409300,5,3,5244,5768,1998,1354800,0
"11051 NW 24th St, Coral Springs, FL 33065",795500,4,3,2718,2990,1977,819800,1
"2912 NE 27th St, Lighthouse Point, FL 33064",559700,2,2,1624,11262,1958,732600,0
"2303 NW 115 Ave, Coral Springs, FL 33065",756300,4,3,1897,2087,1976,696400,0
"4200 NE 3rd Ave, Pompano Beach, FL 33064",369300,3,2,1221,7379,1965,354700,1
"1431 Wiley St, Hollywood, FL 33020",475500,2,2,1198,6247,1949,443800,1
"5310 NW 79th Way, Parkland, FL 33067",761900,3,2,1445,1590,1969,890900,0
"4761 SW 72nd Ave, Davie, FL 33314",686900,3,3,3245,3570,1971,711000,0
"5310 NW 79th Way, Parkland, FL 33067",708600,3,2,1482,1630,1971,751200,0
"12817 SW 26th St, Miramar, FL 33027",722700,4,3,2832,5805,1998,618100,1
"4200 NE 3rd Ave, Pompano Beach, FL 33064",572900,3,2,1295,6983,1956,396100,0
"1319 Buchanan St, Hollywood, FL 33019",653200,3,2,1457,11426,1949,874000,1
"31 Pelican Dr, Fort Lauderdale, FL 33301",10334600,7,7,6353,6988,2018,9754900,1
"11051 NW 24th St, Coral Springs, FL 33065",665300,4,3,3155,3471,1972,848700,1
"2303 NW 115 Ave, Coral Springs, FL 33065",677700,4,3,2163,2379,1979,548600,0
"1844 NW 81st Ave, Coral Springs, FL 33071",585000,4,2,1877,6734,1973,641800,0
"8626 NW 50th Dr, Coral Springs, FL 33067",735900,4,2,2018,13594,1987,728300,1
"11948 Glenmore Dr, Coral Springs, FL 33071",920000,4,3,3250,6088,1990,771900,0
"2000 SW 15th Pl, Deerfield Beach, FL 33442",335900,2,2,1372,1888,1979,363100,0
"2041 SW 15th Pl, Deerfield Beach, FL 33442",314500,2,2,1319,1451,1975,354200,0
"2000 SW 15th Pl, Deerfield Beach, FL 33442",317300,2,2,1550,1989,1984,360900,0
"1711 Bayview Dr, Fort Lauderdale, FL 33305",1946800,3,3,2830,10463,1992,2032300,0
"12817 SW 26th St, Miramar, FL 33027",721500,4,3,2710,3680,2000,756600,0
"8626 NW 50th Dr, Coral Springs, FL 33067",717400,4,2,2232,10633,1984,854500,0
"1400 NW 101st Ter, Plantation, FL 33322",840300,4,2,2359,2595,1992,916700,1
"11051 NW 24th St, Coral Springs, FL 33065",686000,4,3,2588,2847,1973,811900,1
"1844 NW 81st Ave, Coral Springs, FL 33071",635900,4,2,1889,11339,1979,545000,1
"8626 NW 50th Dr, Coral Springs, FL 33067",739600,4,2,2259,10380,1986,740000,1
"2130 NW 69th Ter, Margate, FL 33063",493500,3,2,1483,9616,1978,538600,0
"1319 Buchanan St, Hollywood, FL 33019",839900,3,2,1465,11391,1952,899600,1
"4021 NW 7th Ave, Pompano Beach, FL 33064",373000,4,2,1479,9026,1962,390700,0
"411 SE 2nd Ave, Pompano Beach, FL 33060",697700,2,2,1769,7920,1958,866100,1
"1431 Wiley St, Hollywood, FL 33020",457200,2,2,1212,6998,1953,493700,1
"6521 Moseley St, Hollywood, FL 33024",401200,2,1,1132,5564,1961,382200,1
"4200 NE 3rd Ave, Pompano Beach, FL 33064",498200,3,2,1511,6178,1958,305400,0
"5310 NW 79th Way, Parkland, FL 33067",939200,3,2,1572,1729,1966,814700,1
"4200 NE 3rd Ave, Pompano Beach, FL 33064",595100,3,2,1426,8023,1958,392400,1
"2746 NE 18th St, Fort Lauderdale, FL 33305",5151400,5,5,5414,5955,2020,6768200,0
"8512 NW 14th St, Plantation, FL 33322",426300,2,2,1739,2311,1968,437400,0
"5494 Pine Cr, Coral Springs, FL 33067",411000,3,2,1804,3800,1992,532000,1
"2746 NE 18th St, Fort Lauderdale, FL 33305",5798500,5,5,5133,5646,2017,5188500,0
"3231 NW 18th Ct, Fort Lauderdale, FL 33311",268800,3,1,1010,4587,1967,311900,0
"8512 NW 14th St, Plantation, FL 33322",479600,2,2,1520,2203,1969,458800,0
"6 Tahoe Ln, Sea Ranch Lakes, FL 33308",1972600,4,4,3398,3738,1973,2301300,0
"2724 NW 2nd St, Pompano Beach, FL 33069",363000,3,1,1036,4420,1965,334000,0
"5173 Lakewood Dr, Cooper City, FL 33330",1132400,5,4,2846,11203,2006,1217900,0
"1400 NW 101st Ter, Plantation, FL 33322",876300,4,2,2450,2695,1986,768300,0
"13374 NW 13th St, Pembroke Pines, FL 33028",782700,5,4,3247,7528,2002,941700,0
"2041 SW 15th Pl, Deerfield Beach, FL 33442",353600,2,2,1275,2250,1978,339700,1
"2041 SW 15th Pl, Deerfield Beach, FL 33442",320800,2,2,1349,1646,1977,329100,0
"1431 Wiley St, Hollywood, FL 33020",533200,2,2,1079,9574,1951,441100,1
"2130 NW 69th Ter, Margate, FL 33063",405300,3,2,1609,7546,1979,525000,0
"2303 NW 115 Ave, Coral Springs, FL 33065",671000,4,3,1892,2081,1973,630200,0
"1319 Buchanan St, Hollywood, FL 33019",802600,3,2,1243,10086,1954,894700,0
"2817 SW 8th St, Fort Lauderdale, FL 33312",425900,3,2,1269,7720,1951,422500,1
"12817 SW 26th St, Miramar, FL 33027",671000,4,3,2334,4814,2003,670100,1
"4581 NE 3rd Ter, Oakland Park, FL 33334",564000,3,2,1534,6453,1959,523900,1
"13374 NW 13th St, Pembroke Pines, FL 33028",893400,5,4,3327,7918,1999,886000,0
"1319 Buchanan St, Hollywood, FL 33019",750300,3,2,1376,8674,1954,802900,1
"31 Pelican Dr, Fort Lauderdale, FL 33301",8310700,7,7,5527,6080,2020,10339900,0
"1844 NW 81st Ave, Coral Springs, FL 33071",554000,4,2,1750,8990,1973,773600,1
"4761 SW 72nd Ave, Davie, FL 33314",849500,3,3,3681,4049,1974,843100,1
"2303 NW 115 Ave, Coral Springs, FL 33065",698000,4,3,1944,2138,1982,656700,0
"1400 NW 101st Ter, Plantation, FL 33322",897000,4,2,2735,3009,1988,848900,1
"11948 Glenmore Dr, Coral Springs, FL 33071",824600,4,3,3031,5583,2000,787900,1
"2817 SW 8th St, Fort Lauderdale, FL 33312",354900,3,2,1228,7578,1957,452700,1
"5173 Lakewood Dr, Cooper City, FL 33330",1153300,5,4,3024,10041,1997,1341400,0
"1300 SE 1st Way, Deerfield Beach, FL 33441",628600,4,2,1759,8914,1955,656200,1
"5173 Lakewood Dr, Cooper City, FL 33330",1361400,5,4,3423,9684,1998,1352100,0
"1300 SE 1st Way, Deerfield Beach, FL 33441",642600,4,2,1578,8609,1961,579000,0
"11948 Glenmore Dr, Coral Springs, FL 33071",674500,4,3,3191,5861,1995,863700,1
"8512 NW 14th St, Plantation, FL 33322",401800,2,2,1475,2033,1975,401600,0
"2000 SW 15th Pl, Deerfield Beach, FL 33442",314300,2,2,1346,2266,1983,327200,1
"1212 NE 13th Ave, Fort Lauderdale, FL 33304",566900,2,1,852,5659,1954,589500,1
"1400 NW 101st Ter, Plantation, FL 33322",795700,4,2,2520,2772,1991,821600,0
"2130 NW 69th Ter, Margate, FL 33063",489200,3,2,1555,7691,1977,554800,1
"4061 NW 54th Ct, Coconut Creek, FL 33073",510600,3,2,1274,9711,1992,619200,1
"2303 NW 115 Ave, Coral Springs, FL 33065",696600,4,3,1921,2113,1978,562500,1
"5310 NW 79th Way, Parkland, FL 33067",693900,3,2,1484,1632,1971,952800,1
"2303 NW 115 Ave, Coral Springs, FL 33065",575500,4,3,2148,2363,1980,537700,1
"2912 NE 27th St, Lighthouse Point, FL 33064",630000,2,2,1340,10494,1951,713600,1
"2817 SW 8th St, Fort Lauderdale, FL 33312",424700,3,2,1365,5658,1955,376500,0
"1201 E River Dr, Margate, FL 33063",382900,3,1,884,7030,1964,420600,1
"1844 NW 81st Ave, Coral Springs, FL 33071",792100,4,2,1967,9312,1979,667100,1
"5680 NW 88th Ter, Coral Springs, FL 33067",795600,4,3,3138,3452,1989,767500,0
"381 SE 6th Ct, Pompano Beach, FL 33060",556600,3,2,1500,8119,1961,595300,1
"397 Mallard Ln, Weston, FL 33327",1428200,5,3,5273,5800,1992,1398400,1
"381 SE 6th Ct, Pompano Beach, FL 33060",626900,3,2,1761,8536,1953,543200,0
"12817 SW 26th St, Miramar, FL 33027",609100,4,3,2720,4881,2003,781600,1
"2724 NW 2nd St, Pompano Beach, FL 33069",383800,3,1,1190,5194,1962,287000,0
"1400 NW 101st Ter, Plantation, FL 33322",804400,4,2,2351,2586,1989,871800,1
"7217 SW 3rd Ct, North Lauderdale, FL 33068",444300,3,2,1298,6062,1979,438700,1
"1431 Wiley St, Hollywood, FL 33020",444500,2,2,1263,10199,1949,464700,0
"1319 Buchanan St, Hollywood, FL 33019",705600,3,2,1305,8965,1949,820500,0
"381 SE 6th Ct, Pompano Beach, FL 33060",685200,3,2,1736,6826,1962,708500,0
"11948 Glenmore Dr, Coral Springs, FL 33071",880800,4,3,3012,6631,1992,707000,0
"4200 NE 3rd Ave, Pompano Beach, FL 33064",427300,3,2,1299,7704,1957,441700,1
"5494 Pine Cr, Coral Springs, FL 33067",716400,3,2,1722,4336,1985,586900,1
"2724 NW 2nd St, Pompano Beach, FL 33069",329700,3,1,1143,4109,1964,338400,1
"6 Tahoe Ln, Sea Ranch Lakes, FL 33308",1973900,4,4,3256,3582,1971,2026400,1
"2724 NW 2nd St, Pompano Beach, FL 33069",338100,3,1,1012,4833,1968,337300,1
"5494 Pine Cr, Coral Springs, FL 33067",481800,3,2,1731,3605,1990,582400,0
"4581 NE 3rd Ter, Oakland Park, FL 33334",530300,3,2,1584,5280,1958,583000,0
"1201 E River Dr, Margate, FL 33063",372400,3,1,1085,6888,1963,415200,1
"2303 NW 115 Ave, Coral Springs, FL 33065",719400,4,3,2199,2419,1973,636700,0
"2130 NW 69th Ter, Margate, FL 33063",537300,3,2,1601,8233,1985,457400,1
"1431 Wiley St, Hollywood, FL 33020",622600,2,2,1253,8418,1947,500700,1
"1431 Wiley St, Hollywood, FL 33020",533000,2,2,1302,6809,1952,470400,0
"1844 NW 81st Ave, Coral Springs, FL 33071",633700,4,2,1895,7456,1971,690400,0
"1844 NW 81st Ave, Coral Springs, FL 33071",482600,4,2,2015,8353,1974,646800,1
"2000 SW 15th Pl, Deerfield Beach, FL 33442",341300,2,2,1363,2094,1980,352800,1
"1400 NW 101st Ter, Plantation, FL 33322",576500,4,2,2391,2630,1992,826900,0
"1431 Wiley St, Hollywood, FL 33020",495700,2,2,1223,9566,1944,452700,0
"6 Tahoe Ln, Sea Ranch Lakes, FL 33308",2061800,4,4,3028,3331,1970,2323500,1
"1844 NW 81st Ave, Coral Springs, FL 33071",770000,4,2,1670,10269,1978,692200,1
"8626 NW 50th Dr, Coral Springs, FL 33067",807100,4,2,2047,11231,1988,805100,1
"6521 Moseley St, Hollywood, FL 33024",418600,2,1,1159,4050,1962,429400,0
"6521 Moseley St, Hollywood, FL 33024",436600,2,1,1140,5661,1961,432400,0
"3231 NW 18th Ct, Fort Lauderdale, FL 33311",334300,3,1,925,6343,1967,329500,0
"2912 NE 27th St, Lighthouse Point, FL 33064",615300,2,2,1399,10856,1951,724700,1
"11051 NW 24th St, Coral Springs, FL 33065",738700,4,3,2821,3103,1972,939200,1
"2912 NE 27th St, Lighthouse Point, FL 33064",723700,2,2,1369,10170,1959,685300,0
"31 Pelican Dr, Fort Lauderdale, FL 33301",8695200,7,7,6487,7136,2022,9917800,0
"1431 Wiley St, Hollywood, FL 33020",426000,2,2,1320,6877,1949,496200,0
"1212 NE 13th Ave, Fort Lauderdale, FL 33304",595900,2,1,930,8260,1949,573300,1
"4061 NW 54th Ct, Coconut Creek, FL 33073",548900,3,2,1205,10551,1996,658700,1
"1319 Buchanan St, Hollywood, FL 33019",675800,3,2,1384,10510,1956,775400,1
"1319 Buchanan St, Hollywood, FL 33019",884200,3,2,1323,12992,1949,808100,1
"5173 Lakewood Dr, Cooper City, FL 33330",1376400,5,4,3240,9080,1998,1130800,0
"381 SE 6th Ct, Pompano Beach, FL 33060",618300,3,2,1668,7692,1959,698300,1
"1711 Bayview Dr, Fort Lauderdale, FL 33305",2097300,3,3,2650,10509,1994,1984800,1
"6 Tahoe Ln, Sea Ranch Lakes, FL 33308",1950500,4,4,3854,4239,1963,2235200,1
"4200 NE 3rd Ave, Pompano Beach, FL 33064",431800,3,2,1617,7727,1962,413700,1
"5494 Pine Cr, Coral Springs, FL 33067",599800,3,2,1683,4623,1990,560800,0
"397 Mallard Ln, Weston, FL 33327",1472500,5,3,4572,5029,1993,1314300,0
"381 SE 6th Ct, Pompano Beach, FL 33060",562900,3,2,1796,7307,1961,723700,1
"4061 NW 54th Ct, Coconut Creek, FL 33073",694600,3,2,1296,11395,1992,583100,1
"1711 Bayview Dr, Fort Lauderdale, FL 33305",2035300,3,3,2899,11538,1998,1852400,0
"6 Tahoe Ln, Sea Ranch Lakes, FL 33308",2058400,4,4,3801,4181,1965,2380300,0
"8626 NW 50th Dr, Coral Springs, FL 33067",721100,4,2,2007,11277,1982,702500,0
"7217 SW 3rd Ct, North Lauderdale, FL 33068",386500,3,2,1287,5572,1979,448900,1